WigleWifi-1.4,appRelease=pi-gadget,model=RaspberryPi,release=1.0,device=Pi,display=,board=,brand=RPi,star=Sol,body=3,subBody=0
MAC,SSID,AuthMode,FirstSeen,Channel,Frequency,RSSI,CurrentLatitude,CurrentLongitude,AltitudeMeters,AccuracyMeters,Type
78:8A:20:5A:FA:73,WWU-HWauth,[OPEN],2026-03-02 15:47:46,1,2412,-79,46.04854573,-118.39170125,0,10,WIFI
02:E2:C6:D2:8C:1A,WWU-HWAuth-PSK,[WPA2],2026-03-02 15:47:46,1,2412,-84,46.04854573,-118.39170125,0,10,WIFI
7E:8A:20:08:82:97,WWU-Guest,[OPEN],2026-03-02 15:47:46,1,2412,-73,46.04854573,-118.39170125,0,10,WIFI
7E:8A:20:08:78:C3,WWU-Guest,[OPEN],2026-03-02 15:47:46,1,2412,-72,46.04854573,-118.39170125,0,10,WIFI
B0:FC:88:6E:A5:BD,SpectrumSetup-B7,[WPA2],2026-03-02 15:47:46,1,2412,-78,46.04854573,-118.39170125,0,10,WIFI
84:1E:A3:CD:A5:4E,Merlots Dog House,[WPA2],2026-03-02 15:47:46,1,2412,-77,46.04854573,-118.39170125,0,10,WIFI
2C:30:33:EA:47:6F,NETGEAR92,[WPA2],2026-03-02 15:47:46,1,2412,-85,46.04854573,-118.39170125,0,10,WIFI
7E:8A:20:08:8C:FB,WWU-Guest,[OPEN],2026-03-02 15:47:46,1,2412,-68,46.04854573,-118.39170125,0,10,WIFI
78:8A:20:08:82:8F,WWU-HWAuth,[OPEN],2026-03-02 15:47:46,1,2412,-82,46.04854573,-118.39170125,0,10,WIFI
BC:96:E5:52:15:75,The Internet,[WPA2],2026-03-02 15:47:46,1,2412,-79,46.04854573,-118.39170125,0,10,WIFI
86:8A:20:5A:FA:73,WWU-HWAuth-PSK,[WPA2],2026-03-02 15:47:46,1,2412,-77,46.04854573,-118.39170125,0,10,WIFI
78:8A:20:08:5C:9B,WWU-HWAuth,[OPEN],2026-03-02 15:47:46,1,2412,-75,46.04854573,-118.39170125,0,10,WIFI
86:8A:20:08:8C:FB,WWU-HWAuth-PKI,[WPA2],2026-03-02 15:47:46,1,2412,-68,46.04854573,-118.39170125,0,10,WIFI
36:21:03:8D:31:CA,,[WPA2],2026-03-02 15:47:46,1,2412,-85,46.04854573,-118.39170125,0,10,WIFI
78:8A:20:08:78:C3,WWU-HWAuth,[OPEN],2026-03-02 15:47:46,1,2412,-74,46.04854573,-118.39170125,0,10,WIFI
86:8A:20:08:78:C3,WWU-HWAuth-PKI,[WPA2],2026-03-02 15:47:46,1,2412,-73,46.04854573,-118.39170125,0,10,WIFI
4C:19:5D:26:13:A8,KushyKhloe,[WPA2],2026-03-02 15:47:46,1,2412,-71,46.04854573,-118.39170125,0,10,WIFI
78:8A:20:08:82:97,WWU-HWAuth,[OPEN],2026-03-02 15:47:46,1,2412,-74,46.04854573,-118.39170125,0,10,WIFI
82:8A:20:08:78:C3,WWU,[WPA2],2026-03-02 15:47:46,1,2412,-71,46.04854573,-118.39170125,0,10,WIFI
82:8A:20:08:8C:FB,WWU,[WPA2],2026-03-02 15:47:46,1,2412,-70,46.04854573,-118.39170125,0,10,WIFI
86:8A:20:57:CC:7A,WWU-HWAuth-PSK,[WPA2],2026-03-02 15:47:46,1,2412,-80,46.04854573,-118.39170125,0,10,WIFI
F4:05:95:A8:71:0D,Noa’s Ark,[WPA2],2026-03-02 15:47:46,1,2412,-78,46.04854573,-118.39170125,0,10,WIFI
5C:FA:25:E8:AB:B6,its for my fish,[WPA2],2026-03-02 15:47:46,1,2412,-69,46.04854573,-118.39170125,0,10,WIFI
82:8A:20:08:82:8F,WWU,[WPA2],2026-03-02 15:47:46,1,2412,-79,46.04854573,-118.39170125,0,10,WIFI
82:8A:20:08:7A:77,,[OPEN],2026-03-02 15:47:46,1,2412,-1,46.04854573,-118.39170125,0,10,WIFI
86:8A:20:08:5C:9B,WWU-HWAuth-PKI,[WPA2],2026-03-02 15:47:46,1,2412,-76,46.04854573,-118.39170125,0,10,WIFI
82:8A:20:08:82:97,WWU,[WPA2],2026-03-02 15:47:46,1,2412,-70,46.04854573,-118.39170125,0,10,WIFI
92:90:2D:B4:20:31,Apartment 3,[WPA2],2026-03-02 15:47:46,6,2437,-66,46.04854573,-118.39170125,0,10,WIFI
34:98:B5:F5:B5:67,NETGEAR44,[WPA2],2026-03-02 15:47:46,7,2442,-79,46.04854573,-118.39170125,0,10,WIFI
26:39:F9:7C:C1:59,Goreliy Dranik,[WPA2],2026-03-02 15:47:46,6,2437,-22,46.04854573,-118.39170125,0,10,WIFI
82:8A:20:08:85:97,WWU,[WPA2],2026-03-02 15:47:46,6,2437,-80,46.04854573,-118.39170125,0,10,WIFI
8C:90:2D:B4:20:31,Remember Alaska,[WPA2],2026-03-02 15:47:46,6,2437,-66,46.04854573,-118.39170125,0,10,WIFI
34:98:B5:AA:69:3F,,[OPEN],2026-03-02 15:47:46,1,2412,-80,46.04854573,-118.39170125,0,10,WIFI
BE:A2:F4:E4:39:C3,,[WPA2],2026-03-02 15:47:46,7,2442,-79,46.04854573,-118.39170125,0,10,WIFI
9C:A2:F4:E4:39:C3,My Lighthouse,[WPA2],2026-03-02 15:47:46,7,2442,-83,46.04854573,-118.39170125,0,10,WIFI
72:A7:41:94:01:89,Nasral Navas,[WPA3],2026-03-02 15:47:46,6,2437,-75,46.04854573,-118.39170125,0,10,WIFI
5C:FA:25:EC:4D:E0,SpectrumSetup-DA,[WPA2],2026-03-02 15:47:46,6,2437,-80,46.04854573,-118.39170125,0,10,WIFI
78:8A:20:08:85:97,WWU-HWAuth,[OPEN],2026-03-02 15:47:46,6,2437,-77,46.04854573,-118.39170125,0,10,WIFI
2C:67:BE:86:B8:88,SpectrumSetup-B884,[WPA2],2026-03-02 15:47:46,6,2437,-79,46.04854573,-118.39170125,0,10,WIFI
86:2A:A8:54:6F:36,WWU-Guest,[OPEN],2026-03-02 15:47:46,6,2437,-80,46.04854573,-118.39170125,0,10,WIFI
F8:7B:8C:15:F4:31,FBI Surveillance,[WPA2],2026-03-02 15:47:46,9,2452,-68,46.04854573,-118.39170125,0,10,WIFI
78:8A:20:08:5C:9B,WWU-HWAuth,[OPEN],2026-03-02 15:47:55,1,2412,-76,46.04841913,-118.39161821,0,10,WIFI
86:8A:20:08:8C:FB,WWU-HWAuth-PKI,[WPA2],2026-03-02 15:47:55,1,2412,-71,46.04841913,-118.39161821,0,10,WIFI
86:8A:20:08:78:C3,WWU-HWAuth-PKI,[WPA2],2026-03-02 15:47:55,1,2412,-75,46.04841913,-118.39161821,0,10,WIFI
86:8A:20:08:5C:9B,WWU-HWAuth-PKI,[WPA2],2026-03-02 15:47:55,1,2412,-76,46.04841913,-118.39161821,0,10,WIFI
82:8A:20:08:8C:FB,WWU,[WPA2],2026-03-02 15:47:55,1,2412,-68,46.04841913,-118.39161821,0,10,WIFI
78:8A:20:08:82:97,WWU-HWAuth,[OPEN],2026-03-02 15:47:55,1,2412,-73,46.04841913,-118.39161821,0,10,WIFI
5C:FA:25:E8:AB:B6,its for my fish,[WPA2],2026-03-02 15:47:55,1,2412,-71,46.04841913,-118.39161821,0,10,WIFI
7E:8A:20:08:8C:FB,WWU-Guest,[OPEN],2026-03-02 15:47:55,1,2412,-71,46.04841913,-118.39161821,0,10,WIFI
7E:8A:20:08:78:C3,WWU-Guest,[OPEN],2026-03-02 15:47:55,1,2412,-75,46.04841913,-118.39161821,0,10,WIFI
84:1E:A3:CD:A5:4E,Merlots Dog House,[WPA2],2026-03-02 15:47:55,1,2412,-78,46.04841913,-118.39161821,0,10,WIFI
F4:05:95:A8:71:0D,Noa’s Ark,[WPA2],2026-03-02 15:47:55,1,2412,-77,46.04841913,-118.39161821,0,10,WIFI
78:8A:20:08:82:8F,WWU-HWAuth,[OPEN],2026-03-02 15:47:55,1,2412,-82,46.04841913,-118.39161821,0,10,WIFI
BC:96:E5:52:15:75,The Internet,[WPA2],2026-03-02 15:47:55,1,2412,-79,46.04841913,-118.39161821,0,10,WIFI
58:9B:4A:85:C5:A6,Olson1,[WPA2],2026-03-02 15:47:55,1,2412,-70,46.04841913,-118.39161821,0,10,WIFI
7E:8A:20:08:82:8F,WWU-Guest,[OPEN],2026-03-02 15:47:55,1,2412,-81,46.04841913,-118.39161821,0,10,WIFI
82:8A:20:08:82:8F,WWU,[WPA2],2026-03-02 15:47:55,1,2412,-82,46.04841913,-118.39161821,0,10,WIFI
78:8A:20:08:8C:FB,WWU-HWAuth,[OPEN],2026-03-02 15:47:55,1,2412,-71,46.04841913,-118.39161821,0,10,WIFI
86:8A:20:08:82:8F,WWU-HWAuth-PKI,[WPA2],2026-03-02 15:47:55,1,2412,-81,46.04841913,-118.39161821,0,10,WIFI
82:8A:20:08:78:C3,WWU,[WPA2],2026-03-02 15:47:55,1,2412,-72,46.04841913,-118.39161821,0,10,WIFI
78:8A:20:08:78:C3,WWU-HWAuth,[OPEN],2026-03-02 15:47:55,1,2412,-76,46.04841913,-118.39161821,0,10,WIFI
70:A7:41:D4:01:89,,[WPA2],2026-03-02 15:47:55,6,2437,-73,46.04841913,-118.39161821,0,10,WIFI
86:2A:A8:54:6F:36,WWU-Guest,[OPEN],2026-03-02 15:47:55,6,2437,-77,46.04841913,-118.39161821,0,10,WIFI
9C:A2:F4:E4:39:C3,My Lighthouse,[WPA2],2026-03-02 15:47:55,7,2442,-81,46.04841913,-118.39161821,0,10,WIFI
72:A7:41:94:01:89,Nasral Navas,[WPA3],2026-03-02 15:47:55,6,2437,-73,46.04841913,-118.39161821,0,10,WIFI
78:8A:20:08:85:97,WWU-HWAuth,[OPEN],2026-03-02 15:47:55,6,2437,-79,46.04841913,-118.39161821,0,10,WIFI
2C:67:BE:86:B8:88,SpectrumSetup-B884,[WPA2],2026-03-02 15:47:55,6,2437,-79,46.04841913,-118.39161821,0,10,WIFI
82:8A:20:08:85:97,WWU,[WPA2],2026-03-02 15:47:55,6,2437,-79,46.04841913,-118.39161821,0,10,WIFI
8C:90:2D:B4:20:31,Remember Alaska,[WPA2],2026-03-02 15:47:55,6,2437,-67,46.04841913,-118.39161821,0,10,WIFI
92:90:2D:B4:20:31,Apartment 3,[WPA2],2026-03-02 15:47:55,6,2437,-67,46.04841913,-118.39161821,0,10,WIFI
7E:8A:20:08:82:97,WWU-Guest,[OPEN],2026-03-02 15:47:55,1,2412,-74,46.04841913,-118.39161821,0,10,WIFI
34:98:B5:AA:69:3F,NETGEAR30,[WPA2],2026-03-02 15:48:05,8,2447,-80,46.04839383,-118.39158819,0,10,WIFI
9C:3D:CF:90:5D:C1,NETGEAR78,[WPA2],2026-03-02 15:48:05,8,2447,-82,46.04839383,-118.39158819,0,10,WIFI
34:98:B5:F5:B5:67,NETGEAR44,[WPA2],2026-03-02 15:48:05,7,2442,-78,46.04839383,-118.39158819,0,10,WIFI
9E:3D:CF:90:5D:C2,Rosebud1,[WPA2],2026-03-02 15:48:05,8,2447,-82,46.04839383,-118.39158819,0,10,WIFI
24:F5:A2:55:F2:CB,ADUX,[WPA2],2026-03-02 15:48:05,8,2447,-75,46.04839383,-118.39158819,0,10,WIFI
82:8A:20:08:82:8F,WWU,[WPA2],2026-03-02 15:48:05,1,2412,-80,46.04839383,-118.39158819,0,10,WIFI
4C:19:5D:4D:04:5A,SpectrumSetup-54,[WPA2],2026-03-02 15:48:05,1,2412,-78,46.04839383,-118.39158819,0,10,WIFI
7E:8A:20:08:82:8F,WWU-Guest,[OPEN],2026-03-02 15:48:05,1,2412,-81,46.04839383,-118.39158819,0,10,WIFI
78:8A:20:08:5C:9B,WWU-HWAuth,[OPEN],2026-03-02 15:48:05,1,2412,-76,46.04839383,-118.39158819,0,10,WIFI
86:8A:20:08:78:C3,WWU-HWAuth-PKI,[WPA2],2026-03-02 15:48:05,1,2412,-76,46.04839383,-118.39158819,0,10,WIFI
84:1E:A3:CD:A5:4E,Merlots Dog House,[WPA2],2026-03-02 15:48:05,1,2412,-77,46.04839383,-118.39158819,0,10,WIFI
4C:19:5D:26:13:A8,KushyKhloe,[WPA2],2026-03-02 15:48:05,1,2412,-72,46.04839383,-118.39158819,0,10,WIFI
90:D3:CF:88:FF:65,TG Internet,[WPA2],2026-03-02 15:48:05,1,2412,-71,46.04839383,-118.39158819,0,10,WIFI
82:8A:20:08:78:C3,WWU,[WPA2],2026-03-02 15:48:05,1,2412,-72,46.04839383,-118.39158819,0,10,WIFI
36:21:03:8D:31:CA,,[WPA2],2026-03-02 15:48:05,1,2412,-81,46.04839383,-118.39158819,0,10,WIFI
78:8A:20:08:8C:FB,WWU-HWAuth,[OPEN],2026-03-02 15:48:05,1,2412,-71,46.04839383,-118.39158819,0,10,WIFI
86:8A:20:08:82:8F,WWU-HWAuth-PKI,[WPA2],2026-03-02 15:48:05,1,2412,-79,46.04839383,-118.39158819,0,10,WIFI
7E:8A:20:08:78:C3,WWU-Guest,[OPEN],2026-03-02 15:48:05,1,2412,-76,46.04839383,-118.39158819,0,10,WIFI
78:8A:20:08:82:8F,WWU-HWAuth,[OPEN],2026-03-02 15:48:05,1,2412,-81,46.04839383,-118.39158819,0,10,WIFI
5C:FA:25:E8:AB:B6,its for my fish,[WPA2],2026-03-02 15:48:05,1,2412,-69,46.04839383,-118.39158819,0,10,WIFI
86:8A:20:08:8C:FB,WWU-HWAuth-PKI,[WPA2],2026-03-02 15:48:05,1,2412,-71,46.04839383,-118.39158819,0,10,WIFI
72:A7:41:94:01:89,Nasral Navas,[WPA3],2026-03-02 15:48:05,6,2437,-72,46.04839383,-118.39158819,0,10,WIFI
82:8A:20:08:85:97,WWU,[WPA2],2026-03-02 15:48:05,6,2437,-79,46.04839383,-118.39158819,0,10,WIFI
8C:90:2D:B4:20:31,Remember Alaska,[WPA2],2026-03-02 15:48:05,6,2437,-67,46.04839383,-118.39158819,0,10,WIFI
92:90:2D:B4:20:31,Apartment 3,[WPA2],2026-03-02 15:48:05,6,2437,-68,46.04839383,-118.39158819,0,10,WIFI
78:8A:20:08:85:97,WWU-HWAuth,[OPEN],2026-03-02 15:48:05,6,2437,-79,46.04839383,-118.39158819,0,10,WIFI
26:39:F9:7C:C1:59,Goreliy Dranik,[WPA2],2026-03-02 15:48:05,6,2437,-27,46.04839383,-118.39158819,0,10,WIFI
70:A7:41:D4:01:89,,[WPA2],2026-03-02 15:48:05,6,2437,-76,46.04839383,-118.39158819,0,10,WIFI
86:2A:A8:54:6F:36,WWU-Guest,[OPEN],2026-03-02 15:48:05,6,2437,-81,46.04839383,-118.39158819,0,10,WIFI
2C:67:BE:86:B8:88,SpectrumSetup-B884,[WPA2],2026-03-02 15:48:05,6,2437,-79,46.04839383,-118.39158819,0,10,WIFI
8E:2A:A8:54:6F:36,WWU-HWAuth-PSK,[WPA2],2026-03-02 15:48:05,6,2437,-76,46.04839383,-118.39158819,0,10,WIFI
BE:A2:F4:E4:39:C3,,[WPA2],2026-03-02 15:48:05,7,2442,-81,46.04839383,-118.39158819,0,10,WIFI
7E:8A:20:08:8C:FB,WWU-Guest,[OPEN],2026-03-02 15:48:05,1,2412,-70,46.04839383,-118.39158819,0,10,WIFI
82:8A:20:08:8C:FB,WWU,[WPA2],2026-03-02 15:48:05,1,2412,-69,46.04839383,-118.39158819,0,10,WIFI
86:8A:20:08:5C:9B,WWU-HWAuth-PKI,[WPA2],2026-03-02 15:48:05,1,2412,-75,46.04839383,-118.39158819,0,10,WIFI
9C:3D:CF:90:5D:C1,NETGEAR78,[WPA2],2026-03-02 15:48:14,8,2447,-77,46.04841176,-118.39157759,0,10,WIFI
9E:3D:CF:90:5D:C2,Rosebud1,[WPA2],2026-03-02 15:48:14,8,2447,-80,46.04841176,-118.39157759,0,10,WIFI
A0:36:BC:E8:B5:00,,[WPA],2026-03-02 15:48:14,8,2447,-83,46.04841176,-118.39157759,0,10,WIFI
34:98:B5:88:1A:FF,dinohouse,[WPA2],2026-03-02 15:48:14,8,2447,-76,46.04841176,-118.39157759,0,10,WIFI
36:21:03:8D:31:CA,,[WPA2],2026-03-02 15:48:14,1,2412,-83,46.04841176,-118.39157759,0,10,WIFI
84:1E:A3:CD:A5:4E,Merlots Dog House,[WPA2],2026-03-02 15:48:14,1,2412,-78,46.04841176,-118.39157759,0,10,WIFI
4C:19:5D:26:13:A8,KushyKhloe,[WPA2],2026-03-02 15:48:14,1,2412,-69,46.04841176,-118.39157759,0,10,WIFI
78:8A:20:08:8C:FB,WWU-HWAuth,[OPEN],2026-03-02 15:48:14,1,2412,-69,46.04841176,-118.39157759,0,10,WIFI
78:8A:20:08:78:C3,WWU-HWAuth,[OPEN],2026-03-02 15:48:14,1,2412,-75,46.04841176,-118.39157759,0,10,WIFI
5C:FA:25:E8:AB:B6,its for my fish,[WPA2],2026-03-02 15:48:14,1,2412,-70,46.04841176,-118.39157759,0,10,WIFI
7E:8A:20:08:8C:FB,WWU-Guest,[OPEN],2026-03-02 15:48:14,1,2412,-69,46.04841176,-118.39157759,0,10,WIFI
78:8A:20:08:82:8F,WWU-HWAuth,[OPEN],2026-03-02 15:48:14,1,2412,-82,46.04841176,-118.39157759,0,10,WIFI
BC:96:E5:52:15:75,The Internet,[WPA2],2026-03-02 15:48:14,1,2412,-77,46.04841176,-118.39157759,0,10,WIFI
82:8A:20:08:78:C3,WWU,[WPA2],2026-03-02 15:48:14,1,2412,-72,46.04841176,-118.39157759,0,10,WIFI
7E:8A:20:08:82:8F,WWU-Guest,[OPEN],2026-03-02 15:48:14,1,2412,-80,46.04841176,-118.39157759,0,10,WIFI
86:8A:20:08:8C:FB,WWU-HWAuth-PKI,[WPA2],2026-03-02 15:48:14,1,2412,-68,46.04841176,-118.39157759,0,10,WIFI
82:8A:20:08:82:8F,WWU,[WPA2],2026-03-02 15:48:14,1,2412,-81,46.04841176,-118.39157759,0,10,WIFI
7E:8A:20:08:5C:9B,WWU-Guest,[OPEN],2026-03-02 15:48:14,1,2412,-71,46.04841176,-118.39157759,0,10,WIFI
86:8A:20:08:82:8F,WWU-HWAuth-PKI,[WPA2],2026-03-02 15:48:14,1,2412,-80,46.04841176,-118.39157759,0,10,WIFI
7E:8A:20:08:78:C3,WWU-Guest,[OPEN],2026-03-02 15:48:14,1,2412,-74,46.04841176,-118.39157759,0,10,WIFI
82:8A:20:08:8C:FB,WWU,[WPA2],2026-03-02 15:48:14,1,2412,-69,46.04841176,-118.39157759,0,10,WIFI
58:9B:4A:85:C5:A6,Olson1,[WPA2],2026-03-02 15:48:14,1,2412,-76,46.04841176,-118.39157759,0,10,WIFI
78:8A:20:08:5C:9B,WWU-HWAuth,[OPEN],2026-03-02 15:48:14,1,2412,-76,46.04841176,-118.39157759,0,10,WIFI
8C:90:2D:B4:20:31,Remember Alaska,[WPA2],2026-03-02 15:48:14,6,2437,-67,46.04841176,-118.39157759,0,10,WIFI
92:90:2D:B4:20:31,Apartment 3,[WPA2],2026-03-02 15:48:14,6,2437,-66,46.04841176,-118.39157759,0,10,WIFI
78:8A:20:08:85:97,WWU-HWAuth,[OPEN],2026-03-02 15:48:14,6,2437,-76,46.04841176,-118.39157759,0,10,WIFI
82:8A:20:08:85:97,WWU,[WPA2],2026-03-02 15:48:14,6,2437,-78,46.04841176,-118.39157759,0,10,WIFI
26:39:F9:7C:C1:59,Goreliy Dranik,[WPA2],2026-03-02 15:48:23,6,2437,-47,46.04843563,-118.39159068,0,10,WIFI
72:A7:41:94:01:89,Nasral Navas,[WPA3],2026-03-02 15:48:23,6,2437,-73,46.04843563,-118.39159068,0,10,WIFI
34:98:B5:F5:B5:67,NETGEAR44,[WPA2],2026-03-02 15:48:23,7,2442,-79,46.04843563,-118.39159068,0,10,WIFI
5C:FA:25:EC:4D:E0,SpectrumSetup-DA,[WPA2],2026-03-02 15:48:23,6,2437,-78,46.04843563,-118.39159068,0,10,WIFI
78:8A:20:08:85:97,WWU-HWAuth,[OPEN],2026-03-02 15:48:23,6,2437,-78,46.04843563,-118.39159068,0,10,WIFI
70:A7:41:D4:01:89,,[WPA2],2026-03-02 15:48:23,6,2437,-71,46.04843563,-118.39159068,0,10,WIFI
82:8A:20:08:85:97,WWU,[WPA2],2026-03-02 15:48:23,6,2437,-79,46.04843563,-118.39159068,0,10,WIFI
4C:19:5D:4D:04:5A,SpectrumSetup-54,[WPA2],2026-03-02 15:48:23,1,2412,-75,46.04843563,-118.39159068,0,10,WIFI
1A:E8:29:B7:05:14,WWU-HWAuth-PSK,[WPA2],2026-03-02 15:48:23,1,2412,-81,46.04843563,-118.39159068,0,10,WIFI
78:8A:20:08:5C:9B,WWU-HWAuth,[OPEN],2026-03-02 15:48:23,1,2412,-76,46.04843563,-118.39159068,0,10,WIFI
86:8A:20:08:8C:FB,WWU-HWAuth-PKI,[WPA2],2026-03-02 15:48:23,1,2412,-71,46.04843563,-118.39159068,0,10,WIFI
BC:96:E5:52:15:75,The Internet,[WPA2],2026-03-02 15:48:23,1,2412,-78,46.04843563,-118.39159068,0,10,WIFI
84:1E:A3:CD:A5:4E,Merlots Dog House,[WPA2],2026-03-02 15:48:23,1,2412,-78,46.04843563,-118.39159068,0,10,WIFI
7E:8A:20:08:5C:9B,WWU-Guest,[OPEN],2026-03-02 15:48:23,1,2412,-76,46.04843563,-118.39159068,0,10,WIFI
78:8A:20:08:8C:FB,WWU-HWAuth,[OPEN],2026-03-02 15:48:23,1,2412,-71,46.04843563,-118.39159068,0,10,WIFI
78:8A:20:08:78:C3,WWU-HWAuth,[OPEN],2026-03-02 15:48:23,1,2412,-75,46.04843563,-118.39159068,0,10,WIFI
7E:8A:20:08:78:C3,WWU-Guest,[OPEN],2026-03-02 15:48:23,1,2412,-76,46.04843563,-118.39159068,0,10,WIFI
78:8A:20:08:82:8F,WWU-HWAuth,[OPEN],2026-03-02 15:48:23,1,2412,-78,46.04843563,-118.39159068,0,10,WIFI
B0:FC:88:6E:A5:BD,SpectrumSetup-B7,[WPA2],2026-03-02 15:48:23,1,2412,-76,46.04843563,-118.39159068,0,10,WIFI
7E:8A:20:08:82:8F,WWU-Guest,[OPEN],2026-03-02 15:48:23,1,2412,-81,46.04843563,-118.39159068,0,10,WIFI
7E:8A:20:08:8C:FB,WWU-Guest,[OPEN],2026-03-02 15:48:23,1,2412,-71,46.04843563,-118.39159068,0,10,WIFI
7E:8A:20:5A:FA:73,WWU-Guest,[OPEN],2026-03-02 15:48:23,1,2412,-80,46.04843563,-118.39159068,0,10,WIFI
36:21:03:8D:31:CA,,[WPA2],2026-03-02 15:48:23,1,2412,-83,46.04843563,-118.39159068,0,10,WIFI
82:8A:20:08:82:8F,WWU,[WPA2],2026-03-02 15:48:23,1,2412,-79,46.04843563,-118.39159068,0,10,WIFI
9C:A2:F4:E4:39:C3,My Lighthouse,[WPA2],2026-03-02 15:48:23,7,2442,-79,46.04843563,-118.39159068,0,10,WIFI
BE:A2:F4:E4:39:C3,,[WPA2],2026-03-02 15:48:23,7,2442,-81,46.04843563,-118.39159068,0,10,WIFI
7E:8A:20:08:82:97,WWU-Guest,[OPEN],2026-03-02 15:48:23,1,2412,-75,46.04843563,-118.39159068,0,10,WIFI
86:8A:20:08:5C:9B,WWU-HWAuth-PKI,[WPA2],2026-03-02 15:48:23,1,2412,-74,46.04843563,-118.39159068,0,10,WIFI
4C:19:5D:26:13:A8,KushyKhloe,[WPA2],2026-03-02 15:48:23,1,2412,-68,46.04843563,-118.39159068,0,10,WIFI
82:8A:20:08:8C:FB,WWU,[WPA2],2026-03-02 15:48:23,1,2412,-71,46.04843563,-118.39159068,0,10,WIFI
34:98:B5:AA:69:3F,NETGEAR30,[WPA2],2026-03-02 15:48:32,8,2447,-80,46.04840769,-118.39158960,0,10,WIFI
34:98:B5:88:1A:FF,dinohouse,[WPA2],2026-03-02 15:48:32,8,2447,-79,46.04840769,-118.39158960,0,10,WIFI
9E:3D:CF:90:5D:C2,Rosebud1,[WPA2],2026-03-02 15:48:32,8,2447,-82,46.04840769,-118.39158960,0,10,WIFI
A0:36:BC:E8:B5:00,LPnet,[WPA2],2026-03-02 15:48:32,8,2447,-83,46.04840769,-118.39158960,0,10,WIFI
F8:7B:8C:15:F4:31,FBI Surveillance,[WPA2],2026-03-02 15:48:32,9,2452,-69,46.04840769,-118.39158960,0,10,WIFI
7E:8A:20:08:5C:9B,WWU-Guest,[OPEN],2026-03-02 15:48:32,1,2412,-75,46.04840769,-118.39158960,0,10,WIFI
82:8A:20:08:78:C3,WWU,[WPA2],2026-03-02 15:48:32,1,2412,-72,46.04840769,-118.39158960,0,10,WIFI
4C:19:5D:4D:04:5A,SpectrumSetup-54,[WPA2],2026-03-02 15:48:32,1,2412,-78,46.04840769,-118.39158960,0,10,WIFI
86:8A:20:08:8C:FB,WWU-HWAuth-PKI,[WPA2],2026-03-02 15:48:32,1,2412,-71,46.04840769,-118.39158960,0,10,WIFI
82:8A:20:08:82:8F,WWU,[WPA2],2026-03-02 15:48:32,1,2412,-81,46.04840769,-118.39158960,0,10,WIFI
86:8A:20:08:82:8F,WWU-HWAuth-PKI,[WPA2],2026-03-02 15:48:32,1,2412,-81,46.04840769,-118.39158960,0,10,WIFI
74:90:BC:1A:B1:87,,[OPEN],2026-03-02 15:48:32,1,2412,-83,46.04840769,-118.39158960,0,10,WIFI
7E:8A:20:08:82:8F,WWU-Guest,[OPEN],2026-03-02 15:48:32,1,2412,-79,46.04840769,-118.39158960,0,10,WIFI
78:8A:20:08:5C:9B,WWU-HWAuth,[OPEN],2026-03-02 15:48:32,1,2412,-76,46.04840769,-118.39158960,0,10,WIFI
86:8A:20:08:78:C3,WWU-HWAuth-PKI,[WPA2],2026-03-02 15:48:32,1,2412,-75,46.04840769,-118.39158960,0,10,WIFI
5C:FA:25:E8:AB:B6,its for my fish,[WPA2],2026-03-02 15:48:32,1,2412,-71,46.04840769,-118.39158960,0,10,WIFI
78:8A:20:08:78:C3,WWU-HWAuth,[OPEN],2026-03-02 15:48:32,1,2412,-75,46.04840769,-118.39158960,0,10,WIFI
7E:8A:20:08:78:C3,WWU-Guest,[OPEN],2026-03-02 15:48:32,1,2412,-75,46.04840769,-118.39158960,0,10,WIFI
0E:5A:25:27:97:6A,,[WPA],2026-03-02 15:48:32,1,2412,-83,46.04840769,-118.39158960,0,10,WIFI
18:E8:29:B7:05:14,WWU-HWauth,[OPEN],2026-03-02 15:48:32,1,2412,-84,46.04840769,-118.39158960,0,10,WIFI
82:8A:20:08:82:97,WWU,[WPA2],2026-03-02 15:48:32,1,2412,-71,46.04840769,-118.39158960,0,10,WIFI
F4:05:95:A8:71:0D,Noa’s Ark,[WPA2],2026-03-02 15:48:32,1,2412,-79,46.04840769,-118.39158960,0,10,WIFI
78:8A:20:08:8C:FB,WWU-HWAuth,[OPEN],2026-03-02 15:48:32,1,2412,-84,46.04840769,-118.39158960,0,10,WIFI
78:8A:20:08:85:97,WWU-HWAuth,[OPEN],2026-03-02 15:48:32,6,2437,-78,46.04840769,-118.39158960,0,10,WIFI
8C:90:2D:B4:20:31,Remember Alaska,[WPA2],2026-03-02 15:48:32,6,2437,-66,46.04840769,-118.39158960,0,10,WIFI
34:98:B5:F5:B5:67,NETGEAR44,[WPA2],2026-03-02 15:48:32,7,2442,-79,46.04840769,-118.39158960,0,10,WIFI
26:39:F9:7C:C1:59,Goreliy Dranik,[WPA2],2026-03-02 15:48:32,6,2437,-21,46.04840769,-118.39158960,0,10,WIFI
72:A7:41:94:01:89,Nasral Navas,[WPA3],2026-03-02 15:48:32,6,2437,-74,46.04840769,-118.39158960,0,10,WIFI
86:2A:A8:54:6F:36,WWU-Guest,[OPEN],2026-03-02 15:48:32,6,2437,-78,46.04840769,-118.39158960,0,10,WIFI
80:2A:A8:54:6F:36,WWU-HWauth,[OPEN],2026-03-02 15:48:32,6,2437,-80,46.04840769,-118.39158960,0,10,WIFI
70:A7:41:D4:01:89,,[WPA2],2026-03-02 15:48:32,6,2437,-73,46.04840769,-118.39158960,0,10,WIFI
7E:83:C2:D3:CF:CE,,[OPEN],2026-03-02 15:48:32,7,2442,-1,46.04840769,-118.39158960,0,10,WIFI
82:8A:20:08:85:97,WWU,[WPA2],2026-03-02 15:48:32,6,2437,-78,46.04840769,-118.39158960,0,10,WIFI
8E:2A:A8:54:6F:36,WWU-HWAuth-PSK,[WPA2],2026-03-02 15:48:32,6,2437,-79,46.04840769,-118.39158960,0,10,WIFI
2C:67:BE:86:B8:88,SpectrumSetup-B884,[WPA2],2026-03-02 15:48:32,6,2437,-79,46.04840769,-118.39158960,0,10,WIFI
86:8A:20:08:5C:9B,WWU-HWAuth-PKI,[WPA2],2026-03-02 15:48:32,1,2412,-76,46.04840769,-118.39158960,0,10,WIFI
82:8A:20:08:8C:FB,WWU,[WPA2],2026-03-02 15:48:32,1,2412,-67,46.04840769,-118.39158960,0,10,WIFI
7E:8A:20:08:82:97,WWU-Guest,[OPEN],2026-03-02 15:48:32,1,2412,-68,46.04840769,-118.39158960,0,10,WIFI
86:8A:20:08:82:97,WWU-HWAuth-PKI,[WPA2],2026-03-02 15:48:32,1,2412,-74,46.04840769,-118.39158960,0,10,WIFI
84:1E:A3:CD:A5:4E,Merlots Dog House,[WPA2],2026-03-02 15:48:32,1,2412,-77,46.04840769,-118.39158960,0,10,WIFI
78:8A:20:08:5A:B7,WWU-HWAuth,[OPEN],2026-03-02 15:48:42,11,2462,-75,46.04841981,-118.39154487,0,10,WIFI
86:8A:20:08:5A:B7,WWU-HWAuth-PKI,[WPA2],2026-03-02 15:48:42,11,2462,-76,46.04841981,-118.39154487,0,10,WIFI
7E:8A:20:08:5A:B7,WWU-Guest,[OPEN],2026-03-02 15:48:42,11,2462,-76,46.04841981,-118.39154487,0,10,WIFI
82:8A:20:08:5A:B7,WWU,[WPA2],2026-03-02 15:48:42,11,2462,-75,46.04841981,-118.39154487,0,10,WIFI
F8:7B:8C:15:F4:31,FBI Surveillance ,[WPA2],2026-03-02 15:48:42,9,2452,-77,46.04841981,-118.39154487,0,10,WIFI
26:39:F9:7C:C1:59,Goreliy Dranik,[WPA2],2026-03-02 15:48:42,6,2437,-11,46.04841981,-118.39154487,0,10,WIFI
78:8A:20:08:5C:9B,WWU-HWAuth,[OPEN],2026-03-02 15:48:42,1,2412,-78,46.04841981,-118.39154487,0,10,WIFI
4C:19:5D:26:13:A8,KushyKhloe,[WPA2],2026-03-02 15:48:42,1,2412,-74,46.04841981,-118.39154487,0,10,WIFI
78:8A:20:08:85:97,WWU-HWAuth,[OPEN],2026-03-02 15:48:42,6,2437,-81,46.04841981,-118.39154487,0,10,WIFI
34:98:B5:F5:B5:67,NETGEAR44,[WPA2],2026-03-02 15:48:51,7,2442,-78,46.04831547,-118.39148144,0,10,WIFI
34:98:B5:AA:69:3F,NETGEAR30,[WPA2],2026-03-02 15:48:51,8,2447,-78,46.04831547,-118.39148144,0,10,WIFI
A0:04:60:E5:B7:EF,DavisNetwork,[WPA2],2026-03-02 15:48:51,8,2447,-84,46.04831547,-118.39148144,0,10,WIFI
F8:7B:8C:15:F4:31,FBI Surveillance,[WPA2],2026-03-02 15:48:51,9,2452,-65,46.04831547,-118.39148144,0,10,WIFI
9C:3D:CF:90:5D:C1,NETGEAR78,[WPA2],2026-03-02 15:48:51,8,2447,-81,46.04831547,-118.39148144,0,10,WIFI
9E:3D:CF:90:5D:C2,Rosebud1,[WPA2],2026-03-02 15:48:51,8,2447,-80,46.04831547,-118.39148144,0,10,WIFI
24:F5:A2:55:F2:CB,ADUX,[WPA2],2026-03-02 15:48:51,8,2447,-79,46.04831547,-118.39148144,0,10,WIFI
86:8A:20:5A:FA:73,WWU-HWAuth-PSK,[WPA2],2026-03-02 15:48:51,1,2412,-81,46.04831547,-118.39148144,0,10,WIFI
B0:FC:88:6E:A5:BD,SpectrumSetup-B7,[WPA2],2026-03-02 15:48:51,1,2412,-74,46.04831547,-118.39148144,0,10,WIFI
78:8A:20:5A:FA:73,WWU-HWauth,[OPEN],2026-03-02 15:48:51,1,2412,-78,46.04831547,-118.39148144,0,10,WIFI
7E:8A:20:5A:FA:73,WWU-Guest,[OPEN],2026-03-02 15:48:51,1,2412,-78,46.04831547,-118.39148144,0,10,WIFI
78:8A:20:08:8C:FB,WWU-HWAuth,[OPEN],2026-03-02 15:48:51,1,2412,-72,46.04831547,-118.39148144,0,10,WIFI
82:8A:20:08:5C:9B,WWU,[WPA2],2026-03-02 15:48:51,1,2412,-71,46.04831547,-118.39148144,0,10,WIFI
7E:8A:20:08:78:C3,WWU-Guest,[OPEN],2026-03-02 15:48:51,1,2412,-77,46.04831547,-118.39148144,0,10,WIFI
86:8A:20:5A:F8:46,WWU-HWAuth-PSK,[WPA2],2026-03-02 15:48:51,1,2412,-81,46.04831547,-118.39148144,0,10,WIFI
86:8A:20:08:5C:9B,WWU-HWAuth-PKI,[WPA2],2026-03-02 15:48:51,1,2412,-76,46.04831547,-118.39148144,0,10,WIFI
82:8A:20:08:8C:FB,WWU,[WPA2],2026-03-02 15:48:51,1,2412,-71,46.04831547,-118.39148144,0,10,WIFI
02:E2:C6:D2:8C:1A,WWU-HWAuth-PSK,[WPA2],2026-03-02 15:48:51,1,2412,-81,46.04831547,-118.39148144,0,10,WIFI
86:8A:20:08:8C:FB,WWU-HWAuth-PKI,[WPA2],2026-03-02 15:48:51,1,2412,-71,46.04831547,-118.39148144,0,10,WIFI
86:8A:20:08:78:C3,WWU-HWAuth-PKI,[WPA2],2026-03-02 15:48:51,1,2412,-75,46.04831547,-118.39148144,0,10,WIFI
84:1E:A3:CD:A5:4E,Merlots Dog House,[WPA2],2026-03-02 15:48:51,1,2412,-78,46.04831547,-118.39148144,0,10,WIFI
2C:30:33:EA:47:6F,NETGEAR92,[WPA2],2026-03-02 15:48:51,1,2412,-79,46.04831547,-118.39148144,0,10,WIFI
7E:8A:20:08:5C:9B,WWU-Guest,[OPEN],2026-03-02 15:48:51,1,2412,-72,46.04831547,-118.39148144,0,10,WIFI
7E:8A:20:5A:F8:46,WWU-Guest,[OPEN],2026-03-02 15:48:51,1,2412,-78,46.04831547,-118.39148144,0,10,WIFI
18:E8:29:B7:05:14,WWU-HWauth,[OPEN],2026-03-02 15:48:51,1,2412,-82,46.04831547,-118.39148144,0,10,WIFI
8C:90:2D:B4:20:31,Remember Alaska,[WPA2],2026-03-02 15:48:51,6,2437,-71,46.04831547,-118.39148144,0,10,WIFI
70:A7:41:D4:01:89,,[WPA2],2026-03-02 15:48:51,6,2437,-70,46.04831547,-118.39148144,0,10,WIFI
26:39:F9:7C:C1:59,Goreliy Dranik,[WPA2],2026-03-02 15:48:51,6,2437,-44,46.04831547,-118.39148144,0,10,WIFI
72:A7:41:94:01:89,Nasral Navas,[WPA3],2026-03-02 15:48:51,6,2437,-73,46.04831547,-118.39148144,0,10,WIFI
26:39:F9:7C:C1:59,Goreliy Dranik,[WPA2],2026-03-02 15:49:01,6,2437,-40,46.04833688,-118.39147852,0,10,WIFI
70:A7:41:D4:01:89,,[WPA2],2026-03-02 15:49:01,6,2437,-77,46.04833688,-118.39147852,0,10,WIFI
72:A7:41:94:01:89,Nasral Navas,[WPA3],2026-03-02 15:49:01,6,2437,-77,46.04833688,-118.39147852,0,10,WIFI
92:90:2D:B4:20:31,Apartment 3,[WPA2],2026-03-02 15:49:01,6,2437,-85,46.04833688,-118.39147852,0,10,WIFI
90:D3:CF:2A:2F:1E,SpectrumSetup-2F21,[WPA2],2026-03-02 15:49:01,1,2412,-80,46.04833688,-118.39147852,0,10,WIFI
8C:90:2D:B4:20:31,Remember Alaska,[WPA2],2026-03-02 15:49:01,6,2437,-78,46.04833688,-118.39147852,0,10,WIFI
86:8A:20:08:78:C3,WWU-HWAuth-PKI,[WPA2],2026-03-02 15:49:01,1,2412,-80,46.04833688,-118.39147852,0,10,WIFI
7E:8A:20:08:5C:9B,WWU-Guest,[OPEN],2026-03-02 15:49:01,1,2412,-78,46.04833688,-118.39147852,0,10,WIFI
78:8A:20:08:8C:FB,WWU-HWAuth,[OPEN],2026-03-02 15:49:01,1,2412,-70,46.04833688,-118.39147852,0,10,WIFI
78:8A:20:08:78:C3,WWU-HWAuth,[OPEN],2026-03-02 15:49:01,1,2412,-81,46.04833688,-118.39147852,0,10,WIFI
7E:8A:20:5A:FA:73,WWU-Guest,[OPEN],2026-03-02 15:49:01,1,2412,-74,46.04833688,-118.39147852,0,10,WIFI
5C:FA:25:E8:AB:B6,its for my fish,[WPA2],2026-03-02 15:49:01,1,2412,-78,46.04833688,-118.39147852,0,10,WIFI
90:D3:CF:88:FF:65,TG Internet,[WPA2],2026-03-02 15:49:01,1,2412,-74,46.04833688,-118.39147852,0,10,WIFI
7E:8A:20:08:82:97,WWU-Guest,[OPEN],2026-03-02 15:49:01,1,2412,-79,46.04833688,-118.39147852,0,10,WIFI
7E:8A:20:08:82:8F,WWU-Guest,[OPEN],2026-03-02 15:49:01,1,2412,-80,46.04833688,-118.39147852,0,10,WIFI
78:8A:20:08:82:8F,WWU-HWAuth,[OPEN],2026-03-02 15:49:01,1,2412,-81,46.04833688,-118.39147852,0,10,WIFI
78:8A:20:08:82:97,WWU-HWAuth,[OPEN],2026-03-02 15:49:01,1,2412,-79,46.04833688,-118.39147852,0,10,WIFI
82:8A:20:08:8C:FB,WWU,[WPA2],2026-03-02 15:49:01,1,2412,-80,46.04833688,-118.39147852,0,10,WIFI
86:8A:20:08:82:97,WWU-HWAuth-PKI,[WPA2],2026-03-02 15:49:01,1,2412,-78,46.04833688,-118.39147852,0,10,WIFI
86:8A:20:08:8C:FB,WWU-HWAuth-PKI,[WPA2],2026-03-02 15:49:01,1,2412,-79,46.04833688,-118.39147852,0,10,WIFI
82:8A:20:08:82:8F,WWU,[WPA2],2026-03-02 15:49:01,1,2412,-78,46.04833688,-118.39147852,0,10,WIFI
86:8A:20:5A:FA:73,WWU-HWAuth-PSK,[WPA2],2026-03-02 15:49:01,1,2412,-80,46.04833688,-118.39147852,0,10,WIFI
24:94:CB:E0:0B:52,Ziply-0B50,[WPA2],2026-03-02 15:49:01,1,2412,-83,46.04833688,-118.39147852,0,10,WIFI
7E:8A:20:08:8C:FB,WWU-Guest,[OPEN],2026-03-02 15:49:01,1,2412,-70,46.04833688,-118.39147852,0,10,WIFI
86:8A:20:08:5C:9B,WWU-HWAuth-PKI,[WPA2],2026-03-02 15:49:01,1,2412,-77,46.04833688,-118.39147852,0,10,WIFI
58:9B:4A:85:C5:A6,Olson1,[WPA2],2026-03-02 15:49:01,1,2412,-82,46.04833688,-118.39147852,0,10,WIFI
2A:97:CD:74:3F:2A,,[WPA],2026-03-02 15:49:01,1,2412,-73,46.04833688,-118.39147852,0,10,WIFI
86:8A:20:57:CC:7A,WWU-HWAuth-PSK,[WPA2],2026-03-02 15:49:01,1,2412,-82,46.04833688,-118.39147852,0,10,WIFI
84:1E:A3:CD:A5:4E,,[WPA],2026-03-02 15:49:01,1,2412,-84,46.04833688,-118.39147852,0,10,WIFI
86:8A:20:08:82:8F,WWU-HWAuth-PKI,[WPA2],2026-03-02 15:49:01,1,2412,-82,46.04833688,-118.39147852,0,10,WIFI
82:8A:20:08:5C:9B,WWU,[WPA2],2026-03-02 15:49:01,1,2412,-78,46.04833688,-118.39147852,0,10,WIFI
4C:19:5D:26:13:A8,KushyKhloe,[WPA2],2026-03-02 15:49:01,1,2412,-75,46.04833688,-118.39147852,0,10,WIFI
24:F5:A2:55:F2:CB,,[WPA],2026-03-02 15:49:10,8,2447,-84,46.04831989,-118.39146188,0,10,WIFI
F8:7B:8C:15:F4:31,FBI Surveillance,[WPA2],2026-03-02 15:49:10,9,2452,-73,46.04831989,-118.39146188,0,10,WIFI
9C:3D:CF:90:5D:C1,NETGEAR78,[WPA2],2026-03-02 15:49:10,8,2447,-86,46.04831989,-118.39146188,0,10,WIFI
9E:3D:CF:90:5D:C2,Rosebud1,[WPA2],2026-03-02 15:49:10,8,2447,-82,46.04831989,-118.39146188,0,10,WIFI
7E:8A:20:08:78:C3,WWU-Guest,[OPEN],2026-03-02 15:49:10,1,2412,-78,46.04831989,-118.39146188,0,10,WIFI
86:8A:20:08:5C:9B,WWU-HWAuth-PKI,[WPA2],2026-03-02 15:49:10,1,2412,-82,46.04831989,-118.39146188,0,10,WIFI
B0:FC:88:6E:A5:BD,SpectrumSetup-B7,[WPA2],2026-03-02 15:49:10,1,2412,-75,46.04831989,-118.39146188,0,10,WIFI
86:8A:20:57:CC:7A,WWU-HWAuth-PSK,[WPA2],2026-03-02 15:49:10,1,2412,-84,46.04831989,-118.39146188,0,10,WIFI
78:8A:20:08:5C:9B,WWU-HWAuth,[OPEN],2026-03-02 15:49:10,1,2412,-79,46.04831989,-118.39146188,0,10,WIFI
86:8A:20:08:8C:FB,WWU-HWAuth-PKI,[WPA2],2026-03-02 15:49:10,1,2412,-75,46.04831989,-118.39146188,0,10,WIFI
86:8A:20:08:78:C3,WWU-HWAuth-PKI,[WPA2],2026-03-02 15:49:10,1,2412,-78,46.04831989,-118.39146188,0,10,WIFI
7E:8A:20:08:5C:9B,WWU-Guest,[OPEN],2026-03-02 15:49:10,1,2412,-76,46.04831989,-118.39146188,0,10,WIFI
78:8A:20:08:8C:FB,WWU-HWAuth,[OPEN],2026-03-02 15:49:10,1,2412,-76,46.04831989,-118.39146188,0,10,WIFI
78:8A:20:5A:FA:73,WWU-HWauth,[OPEN],2026-03-02 15:49:10,1,2412,-80,46.04831989,-118.39146188,0,10,WIFI
78:8A:20:57:CC:7A,WWU-HWauth,[OPEN],2026-03-02 15:49:10,1,2412,-81,46.04831989,-118.39146188,0,10,WIFI
82:8A:20:08:5C:9B,WWU,[WPA2],2026-03-02 15:49:10,1,2412,-79,46.04831989,-118.39146188,0,10,WIFI
7E:8A:20:08:8C:FB,WWU-Guest,[OPEN],2026-03-02 15:49:10,1,2412,-75,46.04831989,-118.39146188,0,10,WIFI
7E:8A:20:57:CC:7A,WWU-Guest,[OPEN],2026-03-02 15:49:10,1,2412,-86,46.04831989,-118.39146188,0,10,WIFI
82:8A:20:08:8C:FB,WWU,[WPA2],2026-03-02 15:49:10,1,2412,-76,46.04831989,-118.39146188,0,10,WIFI
4C:19:5D:26:13:A8,KushyKhloe,[WPA2],2026-03-02 15:49:10,1,2412,-75,46.04831989,-118.39146188,0,10,WIFI
72:A7:41:94:01:89,Nasral Navas,[WPA3],2026-03-02 15:49:10,6,2437,-77,46.04831989,-118.39146188,0,10,WIFI
8C:90:2D:B4:20:31,Remember Alaska,[WPA2],2026-03-02 15:49:10,6,2437,-77,46.04831989,-118.39146188,0,10,WIFI
70:A7:41:D4:01:89,,[WPA2],2026-03-02 15:49:10,6,2437,-75,46.04831989,-118.39146188,0,10,WIFI
92:90:2D:B4:20:31,Apartment 3,[WPA2],2026-03-02 15:49:10,6,2437,-77,46.04831989,-118.39146188,0,10,WIFI
26:39:F9:7C:C1:59,Goreliy Dranik,[WPA2],2026-03-02 15:49:10,6,2437,-36,46.04831989,-118.39146188,0,10,WIFI
78:8A:20:08:8C:FB,WWU-HWAuth,[OPEN],2026-03-02 15:49:19,1,2412,-74,46.04845226,-118.39155869,0,10,WIFI
26:39:F9:7C:C1:59,Goreliy Dranik,[WPA2],2026-03-02 15:49:19,6,2437,-40,46.04845226,-118.39155869,0,10,WIFI
2A:97:CD:74:3F:2A,SpectrumSetup-29,[WPA2],2026-03-02 15:49:19,1,2412,-73,46.04845226,-118.39155869,0,10,WIFI
86:8A:20:08:8C:FB,WWU-HWAuth-PKI,[WPA2],2026-03-02 15:49:19,1,2412,-73,46.04845226,-118.39155869,0,10,WIFI
7E:8A:20:08:8C:FB,WWU-Guest,[OPEN],2026-03-02 15:49:19,1,2412,-73,46.04845226,-118.39155869,0,10,WIFI
82:8A:20:08:8C:FB,WWU,[WPA2],2026-03-02 15:49:19,1,2412,-76,46.04845226,-118.39155869,0,10,WIFI
4C:19:5D:4D:04:5A,SpectrumSetup-54,[WPA2],2026-03-02 15:49:19,1,2412,-78,46.04845226,-118.39155869,0,10,WIFI
78:8A:20:08:5C:9B,WWU-HWAuth,[OPEN],2026-03-02 15:49:19,1,2412,-76,46.04845226,-118.39155869,0,10,WIFI
82:8A:20:08:82:8F,WWU,[WPA2],2026-03-02 15:49:19,1,2412,-86,46.04845226,-118.39155869,0,10,WIFI
7E:8A:20:08:5C:9B,WWU-Guest,[OPEN],2026-03-02 15:49:19,1,2412,-75,46.04845226,-118.39155869,0,10,WIFI
78:8A:20:08:78:C3,WWU-HWAuth,[OPEN],2026-03-02 15:49:19,1,2412,-77,46.04845226,-118.39155869,0,10,WIFI
BC:96:E5:52:15:75,The Internet,[WPA2],2026-03-02 15:49:19,1,2412,-79,46.04845226,-118.39155869,0,10,WIFI
86:8A:20:08:78:C3,WWU-HWAuth-PKI,[WPA2],2026-03-02 15:49:19,1,2412,-77,46.04845226,-118.39155869,0,10,WIFI
5C:FA:25:E8:AB:B6,its for my fish,[WPA2],2026-03-02 15:49:19,1,2412,-77,46.04845226,-118.39155869,0,10,WIFI
7E:8A:20:08:78:C3,WWU-Guest,[OPEN],2026-03-02 15:49:19,1,2412,-82,46.04845226,-118.39155869,0,10,WIFI
86:8A:20:08:5C:9B,WWU-HWAuth-PKI,[WPA2],2026-03-02 15:49:19,1,2412,-78,46.04845226,-118.39155869,0,10,WIFI
B0:FC:88:6E:A5:BD,SpectrumSetup-B7,[WPA2],2026-03-02 15:49:19,1,2412,-77,46.04845226,-118.39155869,0,10,WIFI
7E:8A:20:08:82:8F,WWU-Guest,[OPEN],2026-03-02 15:49:19,1,2412,-80,46.04845226,-118.39155869,0,10,WIFI
86:8A:20:08:82:8F,WWU-HWAuth-PKI,[WPA2],2026-03-02 15:49:19,1,2412,-75,46.04845226,-118.39155869,0,10,WIFI
70:A7:41:D4:01:89,,[WPA2],2026-03-02 15:49:19,6,2437,-79,46.04845226,-118.39155869,0,10,WIFI
72:A7:41:94:01:89,Nasral Navas,[WPA3],2026-03-02 15:49:19,6,2437,-79,46.04845226,-118.39155869,0,10,WIFI
8C:90:2D:B4:20:31,Remember Alaska,[WPA2],2026-03-02 15:49:19,6,2437,-76,46.04845226,-118.39155869,0,10,WIFI
92:90:2D:B4:20:31,Apartment 3,[WPA2],2026-03-02 15:49:19,6,2437,-75,46.04845226,-118.39155869,0,10,WIFI
9C:3D:CF:90:5D:C1,NETGEAR78,[WPA2],2026-03-02 15:49:19,8,2447,-82,46.04845226,-118.39155869,0,10,WIFI
82:8A:20:08:5C:9B,WWU,[WPA2],2026-03-02 15:49:19,1,2412,-76,46.04845226,-118.39155869,0,10,WIFI
7E:8A:20:08:82:97,WWU-Guest,[OPEN],2026-03-02 15:49:19,1,2412,-77,46.04845226,-118.39155869,0,10,WIFI
6C:CD:D6:C3:67:BF,S&Y LLC,[WPA2],2026-03-02 15:49:19,2,2417,-82,46.04845226,-118.39155869,0,10,WIFI
2A:97:CD:74:3F:2A,SpectrumSetup-29,[WPA2],2026-03-02 15:49:29,1,2412,-76,46.04847473,-118.39160902,0,10,WIFI
B0:FC:88:6E:A5:BD,SpectrumSetup-B7,[WPA2],2026-03-02 15:49:29,1,2412,-78,46.04847473,-118.39160902,0,10,WIFI
6C:CD:D6:C3:67:BF,S&Y LLC,[WPA2],2026-03-02 15:49:29,2,2417,-80,46.04847473,-118.39160902,0,10,WIFI
78:8A:20:08:8C:FB,WWU-HWAuth,[OPEN],2026-03-02 15:49:29,1,2412,-76,46.04847473,-118.39160902,0,10,WIFI
82:8A:20:08:8C:FB,WWU,[WPA2],2026-03-02 15:49:29,1,2412,-78,46.04847473,-118.39160902,0,10,WIFI
78:8A:20:08:5C:9B,WWU-HWAuth,[OPEN],2026-03-02 15:49:29,1,2412,-77,46.04847473,-118.39160902,0,10,WIFI
86:8A:20:08:8C:FB,WWU-HWAuth-PKI,[WPA2],2026-03-02 15:49:29,1,2412,-76,46.04847473,-118.39160902,0,10,WIFI
86:8A:20:08:82:97,WWU-HWAuth-PKI,[WPA2],2026-03-02 15:49:29,1,2412,-80,46.04847473,-118.39160902,0,10,WIFI
4C:19:5D:26:13:A8,KushyKhloe,[WPA2],2026-03-02 15:49:29,1,2412,-75,46.04847473,-118.39160902,0,10,WIFI
26:39:F9:7C:C1:59,Goreliy Dranik,[WPA2],2026-03-02 15:49:29,6,2437,-45,46.04847473,-118.39160902,0,10,WIFI
7E:8A:20:08:8C:FB,WWU-Guest,[OPEN],2026-03-02 15:49:29,1,2412,-76,46.04847473,-118.39160902,0,10,WIFI
7E:8A:20:08:82:97,WWU-Guest,[OPEN],2026-03-02 15:49:29,1,2412,-79,46.04847473,-118.39160902,0,10,WIFI
7E:8A:20:08:5C:9B,WWU-Guest,[OPEN],2026-03-02 15:49:29,1,2412,-76,46.04847473,-118.39160902,0,10,WIFI
58:9B:4A:85:C5:A6,Olson1,[WPA2],2026-03-02 15:49:29,1,2412,-77,46.04847473,-118.39160902,0,10,WIFI
82:8A:20:08:82:8F,WWU,[WPA2],2026-03-02 15:49:29,1,2412,-77,46.04847473,-118.39160902,0,10,WIFI
78:8A:20:08:82:97,WWU-HWAuth,[OPEN],2026-03-02 15:49:29,1,2412,-76,46.04847473,-118.39160902,0,10,WIFI
5C:FA:25:E8:AB:B6,its for my fish,[WPA2],2026-03-02 15:49:29,1,2412,-83,46.04847473,-118.39160902,0,10,WIFI
78:8A:20:08:82:8F,WWU-HWAuth,[OPEN],2026-03-02 15:49:29,1,2412,-84,46.04847473,-118.39160902,0,10,WIFI
BC:96:E5:52:15:75,The Internet,[WPA2],2026-03-02 15:49:29,1,2412,-79,46.04847473,-118.39160902,0,10,WIFI
86:8A:20:08:5C:9B,WWU-HWAuth-PKI,[WPA2],2026-03-02 15:49:29,1,2412,-77,46.04847473,-118.39160902,0,10,WIFI
86:8A:20:08:78:C3,WWU-HWAuth-PKI,[WPA2],2026-03-02 15:49:29,1,2412,-82,46.04847473,-118.39160902,0,10,WIFI
78:8A:20:08:78:C3,WWU-HWAuth,[OPEN],2026-03-02 15:49:29,1,2412,-83,46.04847473,-118.39160902,0,10,WIFI
82:8A:20:08:5C:9B,WWU,[WPA2],2026-03-02 15:49:29,1,2412,-76,46.04847473,-118.39160902,0,10,WIFI
8C:90:2D:B4:20:31,Remember Alaska,[WPA2],2026-03-02 15:49:29,6,2437,-77,46.04847473,-118.39160902,0,10,WIFI
92:90:2D:B4:20:31,Apartment 3,[WPA2],2026-03-02 15:49:29,6,2437,-76,46.04847473,-118.39160902,0,10,WIFI
9C:3D:CF:90:5D:C1,NETGEAR78,[WPA2],2026-03-02 15:49:29,8,2447,-81,46.04847473,-118.39160902,0,10,WIFI
78:8A:20:5A:F3:D9,,[OPEN],2026-03-02 15:49:29,7,2442,-1,46.04847473,-118.39160902,0,10,WIFI
72:A7:41:94:01:89,Nasral Navas,[WPA3],2026-03-02 15:49:29,6,2437,-78,46.04847473,-118.39160902,0,10,WIFI
24:F5:A2:55:F2:CB,ADUX,[WPA2],2026-03-02 15:49:38,8,2447,-76,46.04848914,-118.39160573,0,10,WIFI
26:39:F9:7C:C1:59,Goreliy Dranik,[WPA2],2026-03-02 15:49:38,6,2437,-11,46.04848914,-118.39160573,0,10,WIFI
F8:7B:8C:15:F4:31,FBI Surveillance,[WPA2],2026-03-02 15:49:38,9,2452,-68,46.04848914,-118.39160573,0,10,WIFI
78:8A:20:08:5C:9B,WWU-HWAuth,[OPEN],2026-03-02 15:49:38,1,2412,-75,46.04848914,-118.39160573,0,10,WIFI
78:8A:20:08:8C:FB,WWU-HWAuth,[OPEN],2026-03-02 15:49:38,1,2412,-64,46.04848914,-118.39160573,0,10,WIFI
78:8A:20:08:82:97,WWU-HWAuth,[OPEN],2026-03-02 15:49:38,1,2412,-72,46.04848914,-118.39160573,0,10,WIFI
5C:FA:25:E8:AB:B6,its for my fish,[WPA2],2026-03-02 15:49:38,1,2412,-71,46.04848914,-118.39160573,0,10,WIFI
7E:8A:20:08:8C:FB,WWU-Guest,[OPEN],2026-03-02 15:49:38,1,2412,-67,46.04848914,-118.39160573,0,10,WIFI
7E:8A:20:08:78:C3,WWU-Guest,[OPEN],2026-03-02 15:49:38,1,2412,-72,46.04848914,-118.39160573,0,10,WIFI
B0:FC:88:6E:A5:BD,,[WPA],2026-03-02 15:49:38,1,2412,-71,46.04848914,-118.39160573,0,10,WIFI
86:8A:20:57:CC:7A,WWU-HWAuth-PSK,[WPA2],2026-03-02 15:49:38,1,2412,-76,46.04848914,-118.39160573,0,10,WIFI
86:8A:20:08:5C:9B,WWU-HWAuth-PKI,[WPA2],2026-03-02 15:49:38,1,2412,-79,46.04848914,-118.39160573,0,10,WIFI
82:8A:20:08:8C:FB,WWU,[WPA2],2026-03-02 15:49:38,1,2412,-68,46.04848914,-118.39160573,0,10,WIFI
82:8A:20:08:78:C3,WWU,[WPA2],2026-03-02 15:49:38,1,2412,-68,46.04848914,-118.39160573,0,10,WIFI
7E:8A:20:5A:FA:73,WWU-Guest,[OPEN],2026-03-02 15:49:38,1,2412,-78,46.04848914,-118.39160573,0,10,WIFI
78:8A:20:5A:F6:E5,WWU-HWauth,[OPEN],2026-03-02 15:49:38,1,2412,-75,46.04848914,-118.39160573,0,10,WIFI
7E:8A:20:5A:F6:E5,WWU-Guest,[OPEN],2026-03-02 15:49:38,1,2412,-80,46.04848914,-118.39160573,0,10,WIFI
7E:8A:20:57:CC:7A,WWU-Guest,[OPEN],2026-03-02 15:49:38,1,2412,-73,46.04848914,-118.39160573,0,10,WIFI
78:8A:20:57:CC:7A,WWU-HWauth,[OPEN],2026-03-02 15:49:38,1,2412,-74,46.04848914,-118.39160573,0,10,WIFI
2A:97:CD:74:3F:2A,SpectrumSetup-29,[WPA2],2026-03-02 15:49:38,1,2412,-77,46.04848914,-118.39160573,0,10,WIFI
86:8A:20:08:8C:FB,WWU-HWAuth-PKI,[WPA2],2026-03-02 15:49:38,1,2412,-79,46.04848914,-118.39160573,0,10,WIFI
86:8A:20:08:78:C3,WWU-HWAuth-PKI,[WPA2],2026-03-02 15:49:38,1,2412,-80,46.04848914,-118.39160573,0,10,WIFI
26:39:F9:7C:C1:59,Goreliy Dranik,[WPA2],2026-03-02 15:49:47,6,2437,-13,46.04837142,-118.39150950,0,10,WIFI
8C:90:2D:B4:20:31,Remember Alaska,[WPA2],2026-03-02 15:49:47,6,2437,-73,46.04837142,-118.39150950,0,10,WIFI
70:A7:41:D4:01:89,,[WPA2],2026-03-02 15:49:47,6,2437,-71,46.04837142,-118.39150950,0,10,WIFI
72:A7:41:94:01:89,Nasral Navas,[WPA3],2026-03-02 15:49:47,6,2437,-70,46.04837142,-118.39150950,0,10,WIFI
86:2A:A8:54:6F:36,WWU-Guest,[OPEN],2026-03-02 15:49:47,6,2437,-78,46.04837142,-118.39150950,0,10,WIFI
86:8A:20:08:8C:FB,WWU-HWAuth-PKI,[WPA2],2026-03-02 15:49:47,1,2412,-75,46.04837142,-118.39150950,0,10,WIFI
7E:8A:20:5A:FA:73,WWU-Guest,[OPEN],2026-03-02 15:49:47,1,2412,-77,46.04837142,-118.39150950,0,10,WIFI
86:8A:20:5A:FA:73,WWU-HWAuth-PSK,[WPA2],2026-03-02 15:49:47,1,2412,-70,46.04837142,-118.39150950,0,10,WIFI
4C:19:5D:26:13:A8,KushyKhloe,[WPA2],2026-03-02 15:49:47,1,2412,-78,46.04837142,-118.39150950,0,10,WIFI
78:8A:20:08:8C:FB,WWU-HWAuth,[OPEN],2026-03-02 15:49:47,1,2412,-73,46.04837142,-118.39150950,0,10,WIFI
7E:8A:20:5A:EC:A0,WWU-Guest,[OPEN],2026-03-02 15:49:47,1,2412,-76,46.04837142,-118.39150950,0,10,WIFI
90:D3:CF:88:FF:65,TG Internet,[WPA2],2026-03-02 15:49:47,1,2412,-68,46.04837142,-118.39150950,0,10,WIFI
B0:FC:88:6E:A5:BD,SpectrumSetup-B7,[WPA2],2026-03-02 15:49:47,1,2412,-73,46.04837142,-118.39150950,0,10,WIFI
86:8A:20:08:5C:9B,WWU-HWAuth-PKI,[WPA2],2026-03-02 15:49:47,1,2412,-77,46.04837142,-118.39150950,0,10,WIFI
82:8A:20:08:8C:FB,WWU,[WPA2],2026-03-02 15:49:47,1,2412,-75,46.04837142,-118.39150950,0,10,WIFI
58:9B:4A:85:C5:A6,Olson1,[WPA2],2026-03-02 15:49:47,1,2412,-75,46.04837142,-118.39150950,0,10,WIFI
4C:19:5D:4D:04:5A,SpectrumSetup-54,[WPA2],2026-03-02 15:49:47,1,2412,-84,46.04837142,-118.39150950,0,10,WIFI
78:8A:20:08:5C:9B,WWU-HWAuth,[OPEN],2026-03-02 15:49:47,1,2412,-77,46.04837142,-118.39150950,0,10,WIFI
86:8A:20:08:82:97,WWU-HWAuth-PKI,[WPA2],2026-03-02 15:49:47,1,2412,-74,46.04837142,-118.39150950,0,10,WIFI
82:8A:20:5A:FA:73,Resnet,[WPA2],2026-03-02 15:49:47,1,2412,-73,46.04837142,-118.39150950,0,10,WIFI
84:1E:A3:CD:A5:4E,Merlots Dog House,[WPA2],2026-03-02 15:49:47,1,2412,-73,46.04837142,-118.39150950,0,10,WIFI
78:8A:20:5A:F8:46,WWU-HWauth,[OPEN],2026-03-02 15:49:47,1,2412,-79,46.04837142,-118.39150950,0,10,WIFI
BC:96:E5:52:15:75,The Internet,[WPA2],2026-03-02 15:49:47,1,2412,-76,46.04837142,-118.39150950,0,10,WIFI
2A:97:CD:74:3F:2A,SpectrumSetup-29,[WPA2],2026-03-02 15:49:47,1,2412,-77,46.04837142,-118.39150950,0,10,WIFI
78:8A:20:5A:FA:73,WWU-HWauth,[OPEN],2026-03-02 15:49:47,1,2412,-68,46.04837142,-118.39150950,0,10,WIFI
78:8A:20:08:82:97,WWU-HWAuth,[OPEN],2026-03-02 15:49:47,1,2412,-75,46.04837142,-118.39150950,0,10,WIFI
24:F5:A2:55:F2:CB,ADUX,[WPA2],2026-03-02 15:49:47,8,2447,-75,46.04837142,-118.39150950,0,10,WIFI
BE:A2:F4:E4:39:C3,,[WPA2],2026-03-02 15:49:47,7,2442,-83,46.04837142,-118.39150950,0,10,WIFI
34:98:B5:F5:B5:67,NETGEAR44,[WPA2],2026-03-02 15:49:47,7,2442,-71,46.04837142,-118.39150950,0,10,WIFI
76:A7:41:F4:61:96,WWU-Guest,[OPEN],2026-03-02 15:49:47,6,2437,-76,46.04837142,-118.39150950,0,10,WIFI
6C:CD:D6:C3:67:BF,S&Y LLC,[WPA2],2026-03-02 15:49:47,2,2417,-79,46.04837142,-118.39150950,0,10,WIFI
86:8A:20:08:78:C3,WWU-HWAuth-PKI,[WPA2],2026-03-02 15:49:47,1,2412,-69,46.04837142,-118.39150950,0,10,WIFI
7E:8A:20:08:5C:9B,WWU-Guest,[OPEN],2026-03-02 15:49:47,1,2412,-77,46.04837142,-118.39150950,0,10,WIFI
7E:8A:20:08:78:C3,WWU-Guest,[OPEN],2026-03-02 15:49:47,1,2412,-70,46.04837142,-118.39150950,0,10,WIFI
82:8A:20:08:82:97,WWU,[WPA2],2026-03-02 15:49:47,1,2412,-76,46.04837142,-118.39150950,0,10,WIFI
26:39:F9:7C:C1:59,Goreliy Dranik,[WPA2],2026-03-02 15:49:56,6,2437,-40,46.04838056,-118.39150828,0,10,WIFI
86:8A:20:5A:EC:A0,WWU-HWAuth-PSK,[WPA2],2026-03-02 15:49:56,1,2412,-75,46.04838056,-118.39150828,0,10,WIFI
78:8A:20:5A:EC:A0,WWU-HWauth,[OPEN],2026-03-02 15:49:56,1,2412,-71,46.04838056,-118.39150828,0,10,WIFI
78:8A:20:5A:EF:2F,WWU-HWauth,[OPEN],2026-03-02 15:49:56,1,2412,-69,46.04838056,-118.39150828,0,10,WIFI
7E:8A:20:5A:E8:66,WWU-Guest,[OPEN],2026-03-02 15:49:56,1,2412,-81,46.04838056,-118.39150828,0,10,WIFI
F6:9F:C2:F7:2C:FC,WWU-Guest,[OPEN],2026-03-02 15:49:56,1,2412,-78,46.04838056,-118.39150828,0,10,WIFI
7E:8A:20:5A:FA:73,WWU-Guest,[OPEN],2026-03-02 15:49:56,1,2412,-73,46.04838056,-118.39150828,0,10,WIFI
86:8A:20:5A:FA:73,WWU-HWAuth-PSK,[WPA2],2026-03-02 15:49:56,1,2412,-74,46.04838056,-118.39150828,0,10,WIFI
4C:19:5D:26:13:A8,KushyKhloe,[WPA2],2026-03-02 15:49:56,1,2412,-77,46.04838056,-118.39150828,0,10,WIFI
7E:8A:20:5A:EC:A0,WWU-Guest,[OPEN],2026-03-02 15:49:56,1,2412,-79,46.04838056,-118.39150828,0,10,WIFI
7E:8A:20:5A:EF:2F,WWU-Guest,[OPEN],2026-03-02 15:49:56,1,2412,-69,46.04838056,-118.39150828,0,10,WIFI
86:8A:20:5A:EF:2F,WWU-HWAuth-PSK,[WPA2],2026-03-02 15:49:56,1,2412,-67,46.04838056,-118.39150828,0,10,WIFI
78:8A:20:5A:EC:0C,WWU-HWauth,[OPEN],2026-03-02 15:49:56,1,2412,-83,46.04838056,-118.39150828,0,10,WIFI
F0:9F:C2:F7:2C:FC,WWU-HWauth,[OPEN],2026-03-02 15:49:56,1,2412,-74,46.04838056,-118.39150828,0,10,WIFI
86:8A:20:08:78:C3,WWU-HWAuth-PKI,[WPA2],2026-03-02 15:49:56,1,2412,-81,46.04838056,-118.39150828,0,10,WIFI
86:8A:20:5A:E9:5C,WWU-HWAuth-PSK,[WPA2],2026-03-02 15:49:56,1,2412,-81,46.04838056,-118.39150828,0,10,WIFI
86:8A:20:5A:FA:75,WWU-HWAuth-PSK,[WPA2],2026-03-02 15:49:56,1,2412,-78,46.04838056,-118.39150828,0,10,WIFI
F0:9F:C2:6B:2B:2F,WWU-HWauth,[OPEN],2026-03-02 15:49:56,6,2437,-67,46.04838056,-118.39150828,0,10,WIFI
F6:9F:C2:6B:2B:2F,WWU-Guest,[OPEN],2026-03-02 15:49:56,6,2437,-67,46.04838056,-118.39150828,0,10,WIFI
70:A7:41:D4:01:89,,[WPA2],2026-03-02 15:49:56,6,2437,-79,46.04838056,-118.39150828,0,10,WIFI
70:A7:41:F4:61:96,WWU-HWauth,[OPEN],2026-03-02 15:49:56,6,2437,-57,46.04838056,-118.39150828,0,10,WIFI
76:A7:41:F4:61:96,WWU-Guest,[OPEN],2026-03-02 15:49:56,6,2437,-56,46.04838056,-118.39150828,0,10,WIFI
78:8A:20:57:C5:CC,WWU-HWauth,[OPEN],2026-03-02 15:49:56,6,2437,-77,46.04838056,-118.39150828,0,10,WIFI
28:70:4E:62:D9:92,WWU-HWauth,[OPEN],2026-03-02 15:49:56,6,2437,-69,46.04838056,-118.39150828,0,10,WIFI
2E:70:4E:62:D9:92,WWU-Guest,[OPEN],2026-03-02 15:49:56,6,2437,-75,46.04838056,-118.39150828,0,10,WIFI
FE:9F:C2:6B:2B:2F,WWU-HWAuth-PSK,[WPA2],2026-03-02 15:49:56,6,2437,-68,46.04838056,-118.39150828,0,10,WIFI
86:8A:20:5A:EC:0C,WWU-HWAuth-PSK,[WPA2],2026-03-02 15:49:56,1,2412,-81,46.04838056,-118.39150828,0,10,WIFI
86:8A:20:5A:EB:F2,WWU-HWAuth-PSK,[WPA2],2026-03-02 15:49:56,1,2412,-80,46.04838056,-118.39150828,0,10,WIFI
F0:9F:C2:CC:75:77,WWU-HWauth,[OPEN],2026-03-02 15:49:56,1,2412,-75,46.04838056,-118.39150828,0,10,WIFI
FE:9F:C2:CC:75:77,WWU-HWAuth-PSK,[WPA2],2026-03-02 15:49:56,1,2412,-78,46.04838056,-118.39150828,0,10,WIFI
7E:8A:20:5A:FA:73,WWU-Guest,[OPEN],2026-03-02 15:50:06,1,2412,-65,46.04838056,-118.39150828,0,10,WIFI
78:8A:20:5A:FA:73,WWU-HWauth,[OPEN],2026-03-02 15:50:06,1,2412,-53,46.04838056,-118.39150828,0,10,WIFI
7E:8A:20:5A:E9:5C,WWU-Guest,[OPEN],2026-03-02 15:50:06,1,2412,-72,46.04838056,-118.39150828,0,10,WIFI
78:8A:20:5A:E9:5C,WWU-HWauth,[OPEN],2026-03-02 15:50:06,1,2412,-73,46.04838056,-118.39150828,0,10,WIFI
82:8A:20:5A:E9:5C,Resnet,[WPA2],2026-03-02 15:50:06,1,2412,-75,46.04838056,-118.39150828,0,10,WIFI
86:8A:20:5A:E9:5C,WWU-HWAuth-PSK,[WPA2],2026-03-02 15:50:06,1,2412,-72,46.04838056,-118.39150828,0,10,WIFI
78:8A:20:5A:F8:46,WWU-HWauth,[OPEN],2026-03-02 15:50:06,1,2412,-79,46.04838056,-118.39150828,0,10,WIFI
7E:8A:20:5A:F8:46,WWU-Guest,[OPEN],2026-03-02 15:50:06,1,2412,-83,46.04838056,-118.39150828,0,10,WIFI
86:8A:20:5A:F8:46,WWU-HWAuth-PSK,[WPA2],2026-03-02 15:50:06,1,2412,-82,46.04838056,-118.39150828,0,10,WIFI
78:8A:20:5A:E9:BB,WWU-HWauth,[OPEN],2026-03-02 15:50:06,1,2412,-64,46.04838056,-118.39150828,0,10,WIFI
7E:8A:20:5A:E9:BB,WWU-Guest,[OPEN],2026-03-02 15:50:06,1,2412,-74,46.04838056,-118.39150828,0,10,WIFI
78:8A:20:5A:EF:2F,WWU-HWauth,[OPEN],2026-03-02 15:50:06,1,2412,-72,46.04838056,-118.39150828,0,10,WIFI
86:8A:20:5A:EF:2F,WWU-HWAuth-PSK,[WPA2],2026-03-02 15:50:06,1,2412,-74,46.04838056,-118.39150828,0,10,WIFI
86:8A:20:5A:FA:73,WWU-HWAuth-PSK,[WPA2],2026-03-02 15:50:06,1,2412,-68,46.04838056,-118.39150828,0,10,WIFI
D8:B3:70:88:23:D4,WWU-HWauth,[OPEN],2026-03-02 15:50:06,6,2437,-82,46.04838056,-118.39150828,0,10,WIFI
E6:B3:70:88:23:D4,WWU-HWAuth-PSK,[WPA2],2026-03-02 15:50:06,6,2437,-82,46.04838056,-118.39150828,0,10,WIFI
86:8A:20:5A:EC:3E,WWU-HWAuth-PSK,[WPA2],2026-03-02 15:50:06,6,2437,-67,46.04838056,-118.39150828,0,10,WIFI
86:8A:20:5A:E8:7F,WWU-HWAuth-PSK,[WPA2],2026-03-02 15:50:06,6,2437,-79,46.04838056,-118.39150828,0,10,WIFI
70:A7:41:D4:01:89,,[WPA2],2026-03-02 15:50:06,6,2437,-68,46.04838056,-118.39150828,0,10,WIFI
7E:A7:41:F4:61:96,WWU-HWAuth-PSK,[WPA2],2026-03-02 15:50:06,6,2437,-71,46.04838056,-118.39150828,0,10,WIFI
76:A7:41:F4:61:96,WWU-Guest,[OPEN],2026-03-02 15:50:06,6,2437,-73,46.04838056,-118.39150828,0,10,WIFI
7E:8A:20:5A:E8:1F,WWU-Guest,[OPEN],2026-03-02 15:50:06,6,2437,-83,46.04838056,-118.39150828,0,10,WIFI
86:8A:20:5A:F3:D9,WWU-HWAuth-PSK,[WPA2],2026-03-02 15:50:06,6,2437,-71,46.04838056,-118.39150828,0,10,WIFI
72:A7:41:94:01:89,Nasral Navas,[WPA3],2026-03-02 15:50:06,6,2437,-69,46.04838056,-118.39150828,0,10,WIFI
7E:8A:20:57:C5:CC,WWU-Guest,[OPEN],2026-03-02 15:50:06,6,2437,-80,46.04838056,-118.39150828,0,10,WIFI
86:8A:20:57:C5:CC,WWU-HWAuth-PSK,[WPA2],2026-03-02 15:50:06,6,2437,-82,46.04838056,-118.39150828,0,10,WIFI
26:39:F9:7C:C1:59,Goreliy Dranik,[WPA2],2026-03-02 15:50:06,6,2437,-19,46.04838056,-118.39150828,0,10,WIFI
7E:8A:20:57:C3:9F,WWU-Guest,[OPEN],2026-03-02 15:50:06,6,2437,-79,46.04838056,-118.39150828,0,10,WIFI
86:8A:20:57:C3:9F,WWU-HWAuth-PSK,[WPA2],2026-03-02 15:50:06,6,2437,-80,46.04838056,-118.39150828,0,10,WIFI
7E:8A:20:5A:EC:3E,WWU-Guest,[OPEN],2026-03-02 15:50:06,6,2437,-68,46.04838056,-118.39150828,0,10,WIFI
78:8A:20:57:C3:9F,WWU-HWauth,[OPEN],2026-03-02 15:50:06,6,2437,-82,46.04838056,-118.39150828,0,10,WIFI
7E:8A:20:5A:EC:3E,WWU-Guest,[OPEN],2026-03-02 15:50:15,6,2437,-79,46.04838056,-118.39150828,0,10,WIFI
78:8A:20:5A:EC:3E,WWU-HWauth,[OPEN],2026-03-02 15:50:15,6,2437,-76,46.04838056,-118.39150828,0,10,WIFI
86:8A:20:5A:EC:3E,WWU-HWAuth-PSK,[WPA2],2026-03-02 15:50:15,6,2437,-76,46.04838056,-118.39150828,0,10,WIFI
7E:8A:20:5A:E8:7F,WWU-Guest,[OPEN],2026-03-02 15:50:15,6,2437,-67,46.04838056,-118.39150828,0,10,WIFI
86:8A:20:5A:E8:7F,WWU-HWAuth-PSK,[WPA2],2026-03-02 15:50:15,6,2437,-73,46.04838056,-118.39150828,0,10,WIFI
78:8A:20:5A:EB:26,WWU-HWauth,[OPEN],2026-03-02 15:50:15,6,2437,-78,46.04838056,-118.39150828,0,10,WIFI
70:A7:41:D4:01:89,,[WPA2],2026-03-02 15:50:15,6,2437,-57,46.04838056,-118.39150828,0,10,WIFI
7E:8A:20:5A:F3:D9,WWU-Guest,[OPEN],2026-03-02 15:50:15,6,2437,-76,46.04838056,-118.39150828,0,10,WIFI
78:8A:20:5A:F3:D9,WWU-HWauth,[OPEN],2026-03-02 15:50:15,6,2437,-72,46.04838056,-118.39150828,0,10,WIFI
26:39:F9:7C:C1:59,Goreliy Dranik,[WPA2],2026-03-02 15:50:15,6,2437,-30,46.04838056,-118.39150828,0,10,WIFI
72:A7:41:94:01:89,Nasral Navas,[WPA3],2026-03-02 15:50:15,6,2437,-58,46.04838056,-118.39150828,0,10,WIFI
70:A7:41:F4:61:96,WWU-HWauth,[OPEN],2026-03-02 15:50:15,6,2437,-74,46.04838056,-118.39150828,0,10,WIFI
76:A7:41:F4:61:96,WWU-Guest,[OPEN],2026-03-02 15:50:15,6,2437,-81,46.04838056,-118.39150828,0,10,WIFI
E6:B3:70:88:23:D4,WWU-HWAuth-PSK,[WPA2],2026-03-02 15:50:15,6,2437,-74,46.04838056,-118.39150828,0,10,WIFI
D8:B3:70:88:23:D4,WWU-HWauth,[OPEN],2026-03-02 15:50:15,6,2437,-76,46.04838056,-118.39150828,0,10,WIFI
DE:B3:70:88:23:D4,WWU-Guest,[OPEN],2026-03-02 15:50:15,6,2437,-70,46.04838056,-118.39150828,0,10,WIFI
78:8A:20:57:C3:9F,WWU-HWauth,[OPEN],2026-03-02 15:50:15,6,2437,-63,46.04838056,-118.39150828,0,10,WIFI
7E:8A:20:57:C3:9F,WWU-Guest,[OPEN],2026-03-02 15:50:15,6,2437,-64,46.04838056,-118.39150828,0,10,WIFI
86:8A:20:5A:EB:26,WWU-HWAuth-PSK,[WPA2],2026-03-02 15:50:15,6,2437,-82,46.04838056,-118.39150828,0,10,WIFI
7E:A7:41:F4:61:96,WWU-HWAuth-PSK,[WPA2],2026-03-02 15:50:15,6,2437,-73,46.04838056,-118.39150828,0,10,WIFI
86:8A:20:57:C3:9F,WWU-HWAuth-PSK,[WPA2],2026-03-02 15:50:15,6,2437,-64,46.04838056,-118.39150828,0,10,WIFI
78:8A:20:5A:E9:BB,WWU-HWauth,[OPEN],2026-03-02 15:50:15,1,2412,-70,46.04838056,-118.39150828,0,10,WIFI
7E:8A:20:5A:E9:BB,WWU-Guest,[OPEN],2026-03-02 15:50:15,1,2412,-77,46.04838056,-118.39150828,0,10,WIFI
86:8A:20:5A:E9:BB,WWU-HWAuth-PSK,[WPA2],2026-03-02 15:50:15,1,2412,-76,46.04838056,-118.39150828,0,10,WIFI
78:8A:20:5A:F6:DF,WWU-HWauth,[OPEN],2026-03-02 15:50:15,1,2412,-73,46.04838056,-118.39150828,0,10,WIFI
86:8A:20:5A:FA:75,WWU-HWAuth-PSK,[WPA2],2026-03-02 15:50:15,1,2412,-69,46.04838056,-118.39150828,0,10,WIFI
86:8A:20:5A:E9:5C,WWU-HWAuth-PSK,[WPA2],2026-03-02 15:50:15,1,2412,-64,46.04838056,-118.39150828,0,10,WIFI
86:8A:20:5A:F6:DF,WWU-HWAuth-PSK,[WPA2],2026-03-02 15:50:15,1,2412,-70,46.04838056,-118.39150828,0,10,WIFI
70:A7:41:F4:59:F6,WWU-HWauth,[OPEN],2026-03-02 15:50:15,1,2412,-69,46.04838056,-118.39150828,0,10,WIFI
7E:8A:20:5A:E9:5C,WWU-Guest,[OPEN],2026-03-02 15:50:15,1,2412,-64,46.04838056,-118.39150828,0,10,WIFI
78:8A:20:5A:E9:5C,WWU-HWauth,[OPEN],2026-03-02 15:50:15,1,2412,-53,46.04838056,-118.39150828,0,10,WIFI
82:8A:20:5A:E9:5C,Resnet,[WPA2],2026-03-02 15:50:15,1,2412,-61,46.04838056,-118.39150828,0,10,WIFI
78:8A:20:5A:F8:46,WWU-HWauth,[OPEN],2026-03-02 15:50:15,1,2412,-70,46.04838056,-118.39150828,0,10,WIFI
7E:8A:20:5A:F8:46,WWU-Guest,[OPEN],2026-03-02 15:50:15,1,2412,-73,46.04838056,-118.39150828,0,10,WIFI
86:8A:20:5A:F8:46,WWU-HWAuth-PSK,[WPA2],2026-03-02 15:50:15,1,2412,-71,46.04838056,-118.39150828,0,10,WIFI
7E:8A:20:5A:F6:DF,WWU-Guest,[OPEN],2026-03-02 15:50:15,1,2412,-73,46.04838056,-118.39150828,0,10,WIFI
82:8A:20:5A:F6:DF,Resnet,[WPA2],2026-03-02 15:50:15,1,2412,-75,46.04838056,-118.39150828,0,10,WIFI
7E:8A:20:5A:FA:75,WWU-Guest,[OPEN],2026-03-02 15:50:15,1,2412,-67,46.04838056,-118.39150828,0,10,WIFI
78:8A:20:5A:FA:75,WWU-HWauth,[OPEN],2026-03-02 15:50:15,1,2412,-66,46.04838056,-118.39150828,0,10,WIFI
86:8A:20:5A:F3:D9,WWU-HWAuth-PSK,[WPA2],2026-03-02 15:50:15,6,2437,-71,46.04838056,-118.39150828,0,10,WIFI
7E:8A:20:5A:EB:BA,,[OPEN],2026-03-02 15:50:15,1,2412,-80,46.04838056,-118.39150828,0,10,WIFI
7E:8A:20:5A:EB:26,WWU-Guest,[OPEN],2026-03-02 15:50:15,6,2437,-77,46.04838056,-118.39150828,0,10,WIFI
78:8A:20:5A:FA:73,WWU-HWauth,[OPEN],2026-03-02 15:50:15,1,2412,-76,46.04838056,-118.39150828,0,10,WIFI
7E:A7:41:F4:59:F6,WWU-HWAuth-PSK,[WPA2],2026-03-02 15:50:15,1,2412,-67,46.04838056,-118.39150828,0,10,WIFI
76:A7:41:F4:59:F6,WWU-Guest,[OPEN],2026-03-02 15:50:15,1,2412,-67,46.04838056,-118.39150828,0,10,WIFI
4C:19:5D:26:13:A8,KushyKhloe,[WPA2],2026-03-02 15:50:15,1,2412,-83,46.04838056,-118.39150828,0,10,WIFI
78:8A:20:5A:F6:E5,WWU-HWauth,[OPEN],2026-03-02 15:50:24,1,2412,-78,46.04838056,-118.39150828,0,10,WIFI
7E:8A:20:5A:F6:E5,WWU-Guest,[OPEN],2026-03-02 15:50:24,1,2412,-78,46.04838056,-118.39150828,0,10,WIFI
78:8A:20:5A:F8:46,WWU-HWauth,[OPEN],2026-03-02 15:50:24,1,2412,-50,46.04838056,-118.39150828,0,10,WIFI
7E:8A:20:5A:F8:46,WWU-Guest,[OPEN],2026-03-02 15:50:24,1,2412,-51,46.04838056,-118.39150828,0,10,WIFI
82:8A:20:5A:F8:46,Resnet,[WPA2],2026-03-02 15:50:24,1,2412,-58,46.04838056,-118.39150828,0,10,WIFI
86:8A:20:5A:F8:46,WWU-HWAuth-PSK,[WPA2],2026-03-02 15:50:24,1,2412,-51,46.04838056,-118.39150828,0,10,WIFI
78:8A:20:5A:F6:DF,WWU-HWauth,[OPEN],2026-03-02 15:50:24,1,2412,-76,46.04838056,-118.39150828,0,10,WIFI
7E:8A:20:5A:F6:DF,WWU-Guest,[OPEN],2026-03-02 15:50:24,1,2412,-76,46.04838056,-118.39150828,0,10,WIFI
76:A7:41:F4:59:F6,WWU-Guest,[OPEN],2026-03-02 15:50:24,1,2412,-59,46.04838056,-118.39150828,0,10,WIFI
86:8A:20:5A:E9:5C,WWU-HWAuth-PSK,[WPA2],2026-03-02 15:50:24,1,2412,-72,46.04838056,-118.39150828,0,10,WIFI
7E:8A:20:57:CC:7A,WWU-Guest,[OPEN],2026-03-02 15:50:24,1,2412,-72,46.04838056,-118.39150828,0,10,WIFI
70:A7:41:F4:59:F6,WWU-HWauth,[OPEN],2026-03-02 15:50:24,1,2412,-59,46.04838056,-118.39150828,0,10,WIFI
7A:A7:41:F4:59:F6,Resnet,[WPA2],2026-03-02 15:50:24,1,2412,-57,46.04838056,-118.39150828,0,10,WIFI
7E:A7:41:F4:59:F6,WWU-HWAuth-PSK,[WPA2],2026-03-02 15:50:24,1,2412,-59,46.04838056,-118.39150828,0,10,WIFI
7E:8A:20:5A:F0:BD,WWU-Guest,[OPEN],2026-03-02 15:50:24,1,2412,-80,46.04838056,-118.39150828,0,10,WIFI
78:8A:20:5A:F0:BD,WWU-HWauth,[OPEN],2026-03-02 15:50:24,1,2412,-84,46.04838056,-118.39150828,0,10,WIFI
78:8A:20:57:CC:7A,WWU-HWauth,[OPEN],2026-03-02 15:50:24,1,2412,-76,46.04838056,-118.39150828,0,10,WIFI
78:8A:20:5A:ED:A1,WWU-HWauth,[OPEN],2026-03-02 15:50:24,1,2412,-80,46.04838056,-118.39150828,0,10,WIFI
86:8A:20:5A:ED:A1,WWU-HWAuth-PSK,[WPA2],2026-03-02 15:50:24,1,2412,-84,46.04838056,-118.39150828,0,10,WIFI
78:8A:20:5A:E9:5C,WWU-HWauth,[OPEN],2026-03-02 15:50:24,1,2412,-62,46.04838056,-118.39150828,0,10,WIFI
78:8A:20:57:C5:CC,WWU-HWauth,[OPEN],2026-03-02 15:50:24,6,2437,-76,46.04838056,-118.39150828,0,10,WIFI
7E:8A:20:57:C5:CC,WWU-Guest,[OPEN],2026-03-02 15:50:24,6,2437,-75,46.04838056,-118.39150828,0,10,WIFI
86:8A:20:57:C5:CC,WWU-HWAuth-PSK,[WPA2],2026-03-02 15:50:24,6,2437,-76,46.04838056,-118.39150828,0,10,WIFI
86:8A:20:57:C9:9C,WWU-HWAuth-PSK,[WPA2],2026-03-02 15:50:24,6,2437,-74,46.04838056,-118.39150828,0,10,WIFI
1C:0B:8B:6E:6F:45,WWU-HWauth,[OPEN],2026-03-02 15:50:24,6,2437,-69,46.04838056,-118.39150828,0,10,WIFI
70:A7:41:D4:01:89,,[WPA2],2026-03-02 15:50:24,6,2437,-41,46.04838056,-118.39150828,0,10,WIFI
78:8A:20:5A:F0:55,WWU-HWauth,[OPEN],2026-03-02 15:50:24,6,2437,-76,46.04838056,-118.39150828,0,10,WIFI
7E:8A:20:5A:F0:55,WWU-Guest,[OPEN],2026-03-02 15:50:24,6,2437,-76,46.04838056,-118.39150828,0,10,WIFI
86:8A:20:5A:F0:55,WWU-HWAuth-PSK,[WPA2],2026-03-02 15:50:24,6,2437,-76,46.04838056,-118.39150828,0,10,WIFI
2A:0B:8B:6E:6F:45,WWU-HWAuth-PSK,[WPA2],2026-03-02 15:50:24,6,2437,-66,46.04838056,-118.39150828,0,10,WIFI
72:A7:41:94:01:89,Nasral Navas,[WPA3],2026-03-02 15:50:24,6,2437,-40,46.04838056,-118.39150828,0,10,WIFI
7E:8A:20:57:C9:9C,WWU-Guest,[OPEN],2026-03-02 15:50:24,6,2437,-74,46.04838056,-118.39150828,0,10,WIFI
22:0B:8B:6E:6F:45,WWU-Guest,[OPEN],2026-03-02 15:50:24,6,2437,-81,46.04838056,-118.39150828,0,10,WIFI
26:39:F9:7C:C1:59,Goreliy Dranik,[WPA2],2026-03-02 15:50:24,6,2437,-26,46.04838056,-118.39150828,0,10,WIFI
78:8A:20:57:C3:9F,WWU-HWauth,[OPEN],2026-03-02 15:50:24,6,2437,-77,46.04838056,-118.39150828,0,10,WIFI
F6:9F:C2:F7:2C:FC,WWU-Guest,[OPEN],2026-03-02 15:50:24,1,2412,-79,46.04838056,-118.39150828,0,10,WIFI
F0:9F:C2:F7:2C:FC,WWU-HWauth,[OPEN],2026-03-02 15:50:24,1,2412,-79,46.04838056,-118.39150828,0,10,WIFI
FE:9F:C2:F7:2C:FC,WWU-HWAuth-PSK,[WPA2],2026-03-02 15:50:24,1,2412,-77,46.04838056,-118.39150828,0,10,WIFI
7E:8A:20:5A:FA:73,WWU-Guest,[OPEN],2026-03-02 15:50:24,1,2412,-77,46.04838056,-118.39150828,0,10,WIFI
4C:19:5D:26:13:A8,KushyKhloe,[WPA2],2026-03-02 15:50:24,1,2412,-83,46.04838056,-118.39150828,0,10,WIFI
78:8A:20:57:CC:7A,WWU-HWauth,[OPEN],2026-03-02 15:50:34,1,2412,-79,46.04838056,-118.39150828,0,10,WIFI
7E:8A:20:5A:FA:73,WWU-Guest,[OPEN],2026-03-02 15:50:34,1,2412,-75,46.04838056,-118.39150828,0,10,WIFI
78:8A:20:5A:FA:73,WWU-HWauth,[OPEN],2026-03-02 15:50:34,1,2412,-75,46.04838056,-118.39150828,0,10,WIFI
86:8A:20:5A:FA:73,WWU-HWAuth-PSK,[WPA2],2026-03-02 15:50:34,1,2412,-74,46.04838056,-118.39150828,0,10,WIFI
70:A7:41:F4:59:F6,WWU-HWauth,[OPEN],2026-03-02 15:50:34,1,2412,-71,46.04838056,-118.39150828,0,10,WIFI
76:A7:41:F4:59:F6,WWU-Guest,[OPEN],2026-03-02 15:50:34,1,2412,-48,46.04838056,-118.39150828,0,10,WIFI
86:8A:20:5A:F8:46,WWU-HWAuth-PSK,[WPA2],2026-03-02 15:50:34,1,2412,-47,46.04838056,-118.39150828,0,10,WIFI
F6:9F:C2:F7:2C:FC,WWU-Guest,[OPEN],2026-03-02 15:50:34,1,2412,-80,46.04838056,-118.39150828,0,10,WIFI
7E:A7:41:F4:59:F6,WWU-HWAuth-PSK,[WPA2],2026-03-02 15:50:34,1,2412,-51,46.04838056,-118.39150828,0,10,WIFI
78:8A:20:5A:F8:46,WWU-HWauth,[OPEN],2026-03-02 15:50:34,1,2412,-46,46.04838056,-118.39150828,0,10,WIFI
F0:9F:C2:F7:2C:FC,WWU-HWauth,[OPEN],2026-03-02 15:50:34,1,2412,-66,46.04838056,-118.39150828,0,10,WIFI
FE:9F:C2:F7:2C:FC,WWU-HWAuth-PSK,[WPA2],2026-03-02 15:50:34,1,2412,-76,46.04838056,-118.39150828,0,10,WIFI
78:8A:20:5A:E9:5C,WWU-HWauth,[OPEN],2026-03-02 15:50:34,1,2412,-71,46.04838056,-118.39150828,0,10,WIFI
86:8A:20:5A:E9:5C,WWU-HWAuth-PSK,[WPA2],2026-03-02 15:50:34,1,2412,-73,46.04838056,-118.39150828,0,10,WIFI
7E:8A:20:5A:F8:46,WWU-Guest,[OPEN],2026-03-02 15:50:34,1,2412,-45,46.04838056,-118.39150828,0,10,WIFI
7E:8A:20:57:CC:7A,WWU-Guest,[OPEN],2026-03-02 15:50:34,1,2412,-76,46.04838056,-118.39150828,0,10,WIFI
86:8A:20:57:CC:7A,WWU-HWAuth-PSK,[WPA2],2026-03-02 15:50:34,1,2412,-76,46.04838056,-118.39150828,0,10,WIFI
78:8A:20:5A:F6:E5,WWU-HWauth,[OPEN],2026-03-02 15:50:34,1,2412,-76,46.04838056,-118.39150828,0,10,WIFI
F4:E2:C6:D2:8C:1A,WWU-HWauth,[OPEN],2026-03-02 15:50:34,1,2412,-79,46.04838056,-118.39150828,0,10,WIFI
7E:8A:20:5A:F6:E5,WWU-Guest,[OPEN],2026-03-02 15:50:34,1,2412,-75,46.04838056,-118.39150828,0,10,WIFI
86:8A:20:5A:F6:E5,WWU-HWAuth-PSK,[WPA2],2026-03-02 15:50:34,1,2412,-73,46.04838056,-118.39150828,0,10,WIFI
4C:19:5D:26:13:A8,KushyKhloe,[WPA2],2026-03-02 15:50:34,1,2412,-78,46.04838056,-118.39150828,0,10,WIFI
7E:8A:20:5A:E9:5C,WWU-Guest,[OPEN],2026-03-02 15:50:34,1,2412,-75,46.04838056,-118.39150828,0,10,WIFI
82:8A:20:5A:F8:46,Resnet,[WPA2],2026-03-02 15:50:34,1,2412,-48,46.04838056,-118.39150828,0,10,WIFI
72:A7:41:94:01:89,Nasral Navas,[WPA3],2026-03-02 15:50:43,6,2437,-29,46.04838056,-118.39150828,0,10,WIFI
78:8A:20:57:C5:CC,WWU-HWauth,[OPEN],2026-03-02 15:50:43,6,2437,-65,46.04838056,-118.39150828,0,10,WIFI
7E:8A:20:57:C5:CC,WWU-Guest,[OPEN],2026-03-02 15:50:43,6,2437,-63,46.04838056,-118.39150828,0,10,WIFI
86:8A:20:57:C5:CC,WWU-HWAuth-PSK,[WPA2],2026-03-02 15:50:43,6,2437,-65,46.04838056,-118.39150828,0,10,WIFI
1C:0B:8B:6E:6F:45,WWU-HWauth,[OPEN],2026-03-02 15:50:43,6,2437,-61,46.04838056,-118.39150828,0,10,WIFI
22:0B:8B:6E:6F:45,WWU-Guest,[OPEN],2026-03-02 15:50:43,6,2437,-58,46.04838056,-118.39150828,0,10,WIFI
26:39:F9:7C:C1:59,Goreliy Dranik,[WPA2],2026-03-02 15:50:43,6,2437,-23,46.04838056,-118.39150828,0,10,WIFI
70:A7:41:D4:01:89,,[WPA2],2026-03-02 15:50:43,6,2437,-28,46.04838056,-118.39150828,0,10,WIFI
2A:0B:8B:6E:6F:45,WWU-HWAuth-PSK,[WPA2],2026-03-02 15:50:43,6,2437,-61,46.04838056,-118.39150828,0,10,WIFI
5C:FA:25:E8:AB:B6,its for my fish,[WPA2],2026-03-02 15:50:43,1,2412,-82,46.04838056,-118.39150828,0,10,WIFI
F6:9F:C2:F7:2C:FC,WWU-Guest,[OPEN],2026-03-02 15:50:43,1,2412,-81,46.04838056,-118.39150828,0,10,WIFI
F0:9F:C2:F7:2C:FC,WWU-HWauth,[OPEN],2026-03-02 15:50:43,1,2412,-82,46.04838056,-118.39150828,0,10,WIFI
FE:9F:C2:F7:2C:FC,WWU-HWAuth-PSK,[WPA2],2026-03-02 15:50:43,1,2412,-80,46.04838056,-118.39150828,0,10,WIFI
7E:8A:20:5A:FA:73,WWU-Guest,[OPEN],2026-03-02 15:50:43,1,2412,-83,46.04838056,-118.39150828,0,10,WIFI
78:8A:20:5A:FA:73,WWU-HWauth,[OPEN],2026-03-02 15:50:43,1,2412,-82,46.04838056,-118.39150828,0,10,WIFI
82:8A:20:5A:FA:73,Resnet,[WPA2],2026-03-02 15:50:43,1,2412,-72,46.04838056,-118.39150828,0,10,WIFI
86:8A:20:5A:FA:73,WWU-HWAuth-PSK,[WPA2],2026-03-02 15:50:43,1,2412,-71,46.04838056,-118.39150828,0,10,WIFI
78:8A:20:5A:F6:E5,WWU-HWauth,[OPEN],2026-03-02 15:50:43,1,2412,-75,46.04838056,-118.39150828,0,10,WIFI
7E:8A:20:5A:F6:E5,WWU-Guest,[OPEN],2026-03-02 15:50:43,1,2412,-75,46.04838056,-118.39150828,0,10,WIFI
76:A7:41:F4:59:F6,WWU-Guest,[OPEN],2026-03-02 15:50:43,1,2412,-50,46.04838056,-118.39150828,0,10,WIFI
7E:A7:41:F4:59:F6,WWU-HWAuth-PSK,[WPA2],2026-03-02 15:50:43,1,2412,-50,46.04838056,-118.39150828,0,10,WIFI
86:8A:20:5A:F8:46,WWU-HWAuth-PSK,[WPA2],2026-03-02 15:50:43,1,2412,-47,46.04838056,-118.39150828,0,10,WIFI
78:8A:20:5A:F6:DF,WWU-HWauth,[OPEN],2026-03-02 15:50:43,1,2412,-72,46.04838056,-118.39150828,0,10,WIFI
86:8A:20:5A:ED:A1,WWU-HWAuth-PSK,[WPA2],2026-03-02 15:50:43,1,2412,-85,46.04838056,-118.39150828,0,10,WIFI
86:8A:20:08:82:97,WWU-HWAuth-PKI,[WPA2],2026-03-02 15:50:43,1,2412,-85,46.04838056,-118.39150828,0,10,WIFI
78:8A:20:57:CC:7A,WWU-HWauth,[OPEN],2026-03-02 15:50:43,1,2412,-74,46.04838056,-118.39150828,0,10,WIFI
78:8A:20:5A:F1:00,WWU-HWauth,[OPEN],2026-03-02 15:50:43,6,2437,-81,46.04838056,-118.39150828,0,10,WIFI
86:8A:20:5A:F1:00,WWU-HWAuth-PSK,[WPA2],2026-03-02 15:50:43,6,2437,-87,46.04838056,-118.39150828,0,10,WIFI
7E:8A:20:57:CC:7A,WWU-Guest,[OPEN],2026-03-02 15:50:43,1,2412,-75,46.04838056,-118.39150828,0,10,WIFI
86:8A:20:5A:F6:E5,WWU-HWAuth-PSK,[WPA2],2026-03-02 15:50:43,1,2412,-76,46.04838056,-118.39150828,0,10,WIFI
78:8A:20:5A:F8:46,WWU-HWauth,[OPEN],2026-03-02 15:50:43,1,2412,-47,46.04838056,-118.39150828,0,10,WIFI
7E:8A:20:5A:F8:46,WWU-Guest,[OPEN],2026-03-02 15:50:43,1,2412,-47,46.04838056,-118.39150828,0,10,WIFI
F8:7B:8C:15:F4:31,FBI Surveillance,[WPA2],2026-03-02 15:50:52,9,2452,-60,46.04838056,-118.39150828,0,10,WIFI
86:8A:20:57:CC:7A,WWU-HWAuth-PSK,[WPA2],2026-03-02 15:50:52,1,2412,-73,46.04838056,-118.39150828,0,10,WIFI
7E:8A:20:5A:FA:73,WWU-Guest,[OPEN],2026-03-02 15:50:52,1,2412,-77,46.04838056,-118.39150828,0,10,WIFI
78:8A:20:5A:FA:73,WWU-HWauth,[OPEN],2026-03-02 15:50:52,1,2412,-81,46.04838056,-118.39150828,0,10,WIFI
82:8A:20:5A:FA:73,Resnet,[WPA2],2026-03-02 15:50:52,1,2412,-79,46.04838056,-118.39150828,0,10,WIFI
86:8A:20:5A:FA:73,WWU-HWAuth-PSK,[WPA2],2026-03-02 15:50:52,1,2412,-81,46.04838056,-118.39150828,0,10,WIFI
7E:8A:20:5A:F6:E5,WWU-Guest,[OPEN],2026-03-02 15:50:52,1,2412,-73,46.04838056,-118.39150828,0,10,WIFI
82:8A:20:5A:F6:E5,Resnet,[WPA2],2026-03-02 15:50:52,1,2412,-76,46.04838056,-118.39150828,0,10,WIFI
86:8A:20:5A:F6:E5,WWU-HWAuth-PSK,[WPA2],2026-03-02 15:50:52,1,2412,-74,46.04838056,-118.39150828,0,10,WIFI
7E:8A:20:5A:E9:5C,WWU-Guest,[OPEN],2026-03-02 15:50:52,1,2412,-82,46.04838056,-118.39150828,0,10,WIFI
76:A7:41:F4:59:F6,WWU-Guest,[OPEN],2026-03-02 15:50:52,1,2412,-59,46.04838056,-118.39150828,0,10,WIFI
78:8A:20:5A:F8:46,WWU-HWauth,[OPEN],2026-03-02 15:50:52,1,2412,-43,46.04838056,-118.39150828,0,10,WIFI
86:8A:20:5A:F8:46,WWU-HWAuth-PSK,[WPA2],2026-03-02 15:50:52,1,2412,-44,46.04838056,-118.39150828,0,10,WIFI
7E:8A:20:57:CC:7A,WWU-Guest,[OPEN],2026-03-02 15:50:52,1,2412,-73,46.04838056,-118.39150828,0,10,WIFI
78:8A:20:57:CC:7A,WWU-HWauth,[OPEN],2026-03-02 15:50:52,1,2412,-76,46.04838056,-118.39150828,0,10,WIFI
4C:19:5D:26:13:A8,KushyKhloe,[WPA2],2026-03-02 15:50:52,1,2412,-81,46.04838056,-118.39150828,0,10,WIFI
F6:9F:C2:F7:2C:FC,WWU-Guest,[OPEN],2026-03-02 15:50:52,1,2412,-76,46.04838056,-118.39150828,0,10,WIFI
F0:9F:C2:F7:2C:FC,WWU-HWauth,[OPEN],2026-03-02 15:50:52,1,2412,-75,46.04838056,-118.39150828,0,10,WIFI
FA:9F:C2:F7:2C:FC,Resnet,[WPA2],2026-03-02 15:50:52,1,2412,-71,46.04838056,-118.39150828,0,10,WIFI
FE:9F:C2:F7:2C:FC,WWU-HWAuth-PSK,[WPA2],2026-03-02 15:50:52,1,2412,-76,46.04838056,-118.39150828,0,10,WIFI
78:8A:20:5A:F3:05,WWU-HWauth,[OPEN],2026-03-02 15:50:52,1,2412,-85,46.04838056,-118.39150828,0,10,WIFI
78:8A:20:5A:F6:E5,WWU-HWauth,[OPEN],2026-03-02 15:50:52,1,2412,-83,46.04838056,-118.39150828,0,10,WIFI
70:A7:41:F4:59:F6,WWU-HWauth,[OPEN],2026-03-02 15:50:52,1,2412,-59,46.04838056,-118.39150828,0,10,WIFI
7E:8A:20:5A:F8:46,WWU-Guest,[OPEN],2026-03-02 15:50:52,1,2412,-43,46.04838056,-118.39150828,0,10,WIFI
82:8A:20:5A:F8:46,Resnet,[WPA2],2026-03-02 15:50:52,1,2412,-41,46.04838056,-118.39150828,0,10,WIFI
82:8A:20:57:CC:7A,Resnet,[WPA2],2026-03-02 15:50:52,1,2412,-74,46.04838056,-118.39150828,0,10,WIFI
26:39:F9:7C:C1:59,Goreliy Dranik,[WPA2],2026-03-02 15:50:52,6,2437,-43,46.04838056,-118.39150828,0,10,WIFI
70:A7:41:D4:01:89,,[WPA2],2026-03-02 15:50:52,6,2437,-33,46.04838056,-118.39150828,0,10,WIFI
72:A7:41:94:01:89,Nasral Navas,[WPA3],2026-03-02 15:50:52,6,2437,-33,46.04838056,-118.39150828,0,10,WIFI
78:8A:20:57:C5:CC,WWU-HWauth,[OPEN],2026-03-02 15:50:52,6,2437,-62,46.04838056,-118.39150828,0,10,WIFI
7E:8A:20:57:C5:CC,WWU-Guest,[OPEN],2026-03-02 15:50:52,6,2437,-62,46.04838056,-118.39150828,0,10,WIFI
86:8A:20:57:C5:CC,WWU-HWAuth-PSK,[WPA2],2026-03-02 15:50:52,6,2437,-62,46.04838056,-118.39150828,0,10,WIFI
2A:0B:8B:6E:6F:45,WWU-HWAuth-PSK,[WPA2],2026-03-02 15:50:52,6,2437,-50,46.04838056,-118.39150828,0,10,WIFI
1C:0B:8B:6E:6F:45,WWU-HWauth,[OPEN],2026-03-02 15:50:52,6,2437,-50,46.04838056,-118.39150828,0,10,WIFI
22:0B:8B:6E:6F:45,WWU-Guest,[OPEN],2026-03-02 15:50:52,6,2437,-51,46.04838056,-118.39150828,0,10,WIFI
7E:A7:41:F4:59:F6,WWU-HWAuth-PSK,[WPA2],2026-03-02 15:50:52,1,2412,-58,46.04838056,-118.39150828,0,10,WIFI
22:0B:8B:6E:6F:45,WWU-Guest,[OPEN],2026-03-02 15:51:01,6,2437,-50,46.04838056,-118.39150828,0,10,WIFI
FE:9F:C2:F7:2C:FC,WWU-HWAuth-PSK,[WPA2],2026-03-02 15:51:01,1,2412,-75,46.04838056,-118.39150828,0,10,WIFI
7E:8A:20:5A:FA:73,WWU-Guest,[OPEN],2026-03-02 15:51:01,1,2412,-74,46.04838056,-118.39150828,0,10,WIFI
86:8A:20:5A:FA:73,WWU-HWAuth-PSK,[WPA2],2026-03-02 15:51:01,1,2412,-79,46.04838056,-118.39150828,0,10,WIFI
86:8A:20:5A:F6:E5,WWU-HWAuth-PSK,[WPA2],2026-03-02 15:51:01,1,2412,-73,46.04838056,-118.39150828,0,10,WIFI
86:8A:20:5A:E9:5C,WWU-HWAuth-PSK,[WPA2],2026-03-02 15:51:01,1,2412,-83,46.04838056,-118.39150828,0,10,WIFI
70:A7:41:F4:59:F6,WWU-HWauth,[OPEN],2026-03-02 15:51:01,1,2412,-59,46.04838056,-118.39150828,0,10,WIFI
78:8A:20:5A:F8:46,WWU-HWauth,[OPEN],2026-03-02 15:51:01,1,2412,-43,46.04838056,-118.39150828,0,10,WIFI
86:8A:20:5A:F8:46,WWU-HWAuth-PSK,[WPA2],2026-03-02 15:51:01,1,2412,-44,46.04838056,-118.39150828,0,10,WIFI
7E:8A:20:57:CC:7A,WWU-Guest,[OPEN],2026-03-02 15:51:01,1,2412,-75,46.04838056,-118.39150828,0,10,WIFI
78:8A:20:57:CC:7A,WWU-HWauth,[OPEN],2026-03-02 15:51:01,1,2412,-75,46.04838056,-118.39150828,0,10,WIFI
86:8A:20:57:CC:7A,WWU-HWAuth-PSK,[WPA2],2026-03-02 15:51:01,1,2412,-75,46.04838056,-118.39150828,0,10,WIFI
86:8A:20:5A:F6:DF,WWU-HWAuth-PSK,[WPA2],2026-03-02 15:51:01,1,2412,-77,46.04838056,-118.39150828,0,10,WIFI
FA:E2:C6:D2:8C:1A,WWU-Guest,[OPEN],2026-03-02 15:51:01,1,2412,-70,46.04838056,-118.39150828,0,10,WIFI
FE:E2:C6:D2:8C:1A,Resnet,[WPA2],2026-03-02 15:51:01,1,2412,-80,46.04838056,-118.39150828,0,10,WIFI
F6:9F:C2:F7:2C:FC,WWU-Guest,[OPEN],2026-03-02 15:51:01,1,2412,-76,46.04838056,-118.39150828,0,10,WIFI
F0:9F:C2:F7:2C:FC,WWU-HWauth,[OPEN],2026-03-02 15:51:01,1,2412,-74,46.04838056,-118.39150828,0,10,WIFI
FA:9F:C2:F7:2C:FC,Resnet,[WPA2],2026-03-02 15:51:01,1,2412,-72,46.04838056,-118.39150828,0,10,WIFI
78:8A:20:5A:F3:05,WWU-HWauth,[OPEN],2026-03-02 15:51:01,1,2412,-80,46.04838056,-118.39150828,0,10,WIFI
82:8A:20:5A:F6:E5,Resnet,[WPA2],2026-03-02 15:51:01,1,2412,-75,46.04838056,-118.39150828,0,10,WIFI
76:A7:41:F4:59:F6,WWU-Guest,[OPEN],2026-03-02 15:51:01,1,2412,-60,46.04838056,-118.39150828,0,10,WIFI
7E:A7:41:F4:59:F6,WWU-HWAuth-PSK,[WPA2],2026-03-02 15:51:01,1,2412,-56,46.04838056,-118.39150828,0,10,WIFI
78:8A:20:5A:FA:73,WWU-HWauth,[OPEN],2026-03-02 15:51:01,1,2412,-77,46.04838056,-118.39150828,0,10,WIFI
78:8A:20:5A:F6:E5,WWU-HWauth,[OPEN],2026-03-02 15:51:01,1,2412,-72,46.04838056,-118.39150828,0,10,WIFI
7E:8A:20:5A:F6:E5,WWU-Guest,[OPEN],2026-03-02 15:51:01,1,2412,-74,46.04838056,-118.39150828,0,10,WIFI
7E:8A:20:5A:E9:5C,WWU-Guest,[OPEN],2026-03-02 15:51:01,1,2412,-78,46.04838056,-118.39150828,0,10,WIFI
78:8A:20:5A:E9:5C,WWU-HWauth,[OPEN],2026-03-02 15:51:01,1,2412,-81,46.04838056,-118.39150828,0,10,WIFI
7E:8A:20:5A:F8:46,WWU-Guest,[OPEN],2026-03-02 15:51:01,1,2412,-44,46.04838056,-118.39150828,0,10,WIFI
82:8A:20:5A:F8:46,Resnet,[WPA2],2026-03-02 15:51:01,1,2412,-42,46.04838056,-118.39150828,0,10,WIFI
4C:19:5D:26:13:A8,KushyKhloe,[WPA2],2026-03-02 15:51:01,1,2412,-85,46.04838056,-118.39150828,0,10,WIFI
70:A7:41:D4:01:89,,[WPA2],2026-03-02 15:51:01,6,2437,-32,46.04838056,-118.39150828,0,10,WIFI
72:A7:41:94:01:89,Nasral Navas,[WPA3],2026-03-02 15:51:01,6,2437,-33,46.04838056,-118.39150828,0,10,WIFI
78:8A:20:57:C5:CC,WWU-HWauth,[OPEN],2026-03-02 15:51:01,6,2437,-60,46.04838056,-118.39150828,0,10,WIFI
26:39:F9:7C:C1:59,Goreliy Dranik,[WPA2],2026-03-02 15:51:01,6,2437,-42,46.04838056,-118.39150828,0,10,WIFI
7E:8A:20:57:C5:CC,WWU-Guest,[OPEN],2026-03-02 15:51:01,6,2437,-61,46.04838056,-118.39150828,0,10,WIFI
86:8A:20:57:C5:CC,WWU-HWAuth-PSK,[WPA2],2026-03-02 15:51:01,6,2437,-61,46.04838056,-118.39150828,0,10,WIFI
1C:0B:8B:6E:6F:45,WWU-HWauth,[OPEN],2026-03-02 15:51:01,6,2437,-59,46.04838056,-118.39150828,0,10,WIFI
2A:0B:8B:6E:6F:45,WWU-HWAuth-PSK,[WPA2],2026-03-02 15:51:01,6,2437,-49,46.04838056,-118.39150828,0,10,WIFI
78:8A:20:5A:F1:00,WWU-HWauth,[OPEN],2026-03-02 15:51:01,6,2437,-86,46.04838056,-118.39150828,0,10,WIFI
02:E2:C6:D2:8C:1A,WWU-HWAuth-PSK,[WPA2],2026-03-02 15:51:01,1,2412,-82,46.04838056,-118.39150828,0,10,WIFI
